[[1;34mINFO[m] Scanning for projects...
[[1;34mINFO[m] 
[[1;34mINFO[m] [1m---------< [0;36mio.github.hiwepy:maven-client-spring-boot-starter[0;1m >---------[m
[[1;34mINFO[m] [1mBuilding io.github.hiwepy:maven-client-spring-boot-starter 2.3.x.20240823.RELEASE[m
[[1;34mINFO[m] [1m--------------------------------[ jar ]---------------------------------[m
Downloading from aiban-tianyin-core: https://aiban-maven.pkg.coding.net/repository/tianyin/core/org/eclipse/aether/aether-impl/1.0.2.v20150114/aether-impl-1.0.2.v20150114.pom
Downloaded from aiban-tianyin-core: https://aiban-maven.pkg.coding.net/repository/tianyin/core/org/eclipse/aether/aether-impl/1.0.2.v20150114/aether-impl-1.0.2.v20150114.pom (0 B at 0 B/s)
Downloading from aiban-tianyin-core: https://aiban-maven.pkg.coding.net/repository/tianyin/core/org/eclipse/aether/aether/1.0.2.v20150114/aether-1.0.2.v20150114.pom
Downloaded from aiban-tianyin-core: https://aiban-maven.pkg.coding.net/repository/tianyin/core/org/eclipse/aether/aether/1.0.2.v20150114/aether-1.0.2.v20150114.pom (0 B at 0 B/s)
Downloading from aiban-tianyin-core: https://aiban-maven.pkg.coding.net/repository/tianyin/core/org/eclipse/aether/aether-api/1.0.2.v20150114/aether-api-1.0.2.v20150114.pom
Downloaded from aiban-tianyin-core: https://aiban-maven.pkg.coding.net/repository/tianyin/core/org/eclipse/aether/aether-api/1.0.2.v20150114/aether-api-1.0.2.v20150114.pom (0 B at 0 B/s)
Downloading from aiban-tianyin-core: https://aiban-maven.pkg.coding.net/repository/tianyin/core/org/eclipse/aether/aether-spi/1.0.2.v20150114/aether-spi-1.0.2.v20150114.pom
Downloaded from aiban-tianyin-core: https://aiban-maven.pkg.coding.net/repository/tianyin/core/org/eclipse/aether/aether-spi/1.0.2.v20150114/aether-spi-1.0.2.v20150114.pom (0 B at 0 B/s)
Downloading from aiban-tianyin-core: https://aiban-maven.pkg.coding.net/repository/tianyin/core/org/eclipse/aether/aether-util/1.0.2.v20150114/aether-util-1.0.2.v20150114.pom
Downloaded from aiban-tianyin-core: https://aiban-maven.pkg.coding.net/repository/tianyin/core/org/eclipse/aether/aether-util/1.0.2.v20150114/aether-util-1.0.2.v20150114.pom (0 B at 0 B/s)
Downloading from aiban-tianyin-core: https://aiban-maven.pkg.coding.net/repository/tianyin/core/org/eclipse/aether/aether-connector-basic/1.0.2.v20150114/aether-connector-basic-1.0.2.v20150114.pom
Progress (1): 2.8 kB
                    
Downloaded from aiban-tianyin-core: https://aiban-maven.pkg.coding.net/repository/tianyin/core/org/eclipse/aether/aether-connector-basic/1.0.2.v20150114/aether-connector-basic-1.0.2.v20150114.pom (2.8 kB at 7.1 kB/s)
Downloading from aiban-tianyin-core: https://aiban-maven.pkg.coding.net/repository/tianyin/core/org/eclipse/aether/aether-transport-file/1.0.2.v20150114/aether-transport-file-1.0.2.v20150114.pom
Progress (1): 2.6 kB
Progress (1): 2.7 kB
                    
Downloaded from aiban-tianyin-core: https://aiban-maven.pkg.coding.net/repository/tianyin/core/org/eclipse/aether/aether-transport-file/1.0.2.v20150114/aether-transport-file-1.0.2.v20150114.pom (2.7 kB at 7.1 kB/s)
Downloading from aiban-tianyin-core: https://aiban-maven.pkg.coding.net/repository/tianyin/core/org/eclipse/aether/aether-transport-http/1.0.2.v20150114/aether-transport-http-1.0.2.v20150114.pom
Progress (1): 3.8 kB
                    
Downloaded from aiban-tianyin-core: https://aiban-maven.pkg.coding.net/repository/tianyin/core/org/eclipse/aether/aether-transport-http/1.0.2.v20150114/aether-transport-http-1.0.2.v20150114.pom (3.8 kB at 10.0 kB/s)
Downloading from aiban-tianyin-core: https://aiban-maven.pkg.coding.net/repository/tianyin/core/org/eclipse/aether/aether-transport-wagon/1.0.2.v20150114/aether-transport-wagon-1.0.2.v20150114.pom
Progress (1): 3.8 kB
                    
Downloaded from aiban-tianyin-core: https://aiban-maven.pkg.coding.net/repository/tianyin/core/org/eclipse/aether/aether-transport-wagon/1.0.2.v20150114/aether-transport-wagon-1.0.2.v20150114.pom (3.8 kB at 10 kB/s)
Downloading from aiban-tianyin-core: https://aiban-maven.pkg.coding.net/repository/tianyin/core/org/codehaus/plexus/plexus-utils/1.4.2/plexus-utils-1.4.2.pom
Downloaded from aiban-tianyin-core: https://aiban-maven.pkg.coding.net/repository/tianyin/core/org/codehaus/plexus/plexus-utils/1.4.2/plexus-utils-1.4.2.pom (0 B at 0 B/s)
Downloading from aiban-tianyin-core: https://aiban-maven.pkg.coding.net/repository/tianyin/core/org/apache/maven/maven-aether-provider/3.3.9/maven-aether-provider-3.3.9.pom
Downloaded from aiban-tianyin-core: https://aiban-maven.pkg.coding.net/repository/tianyin/core/org/apache/maven/maven-aether-provider/3.3.9/maven-aether-provider-3.3.9.pom (0 B at 0 B/s)
Downloading from aiban-tianyin-core: https://aiban-maven.pkg.coding.net/repository/tianyin/core/org/apache/maven/maven/3.3.9/maven-3.3.9.pom
Downloaded from aiban-tianyin-core: https://aiban-maven.pkg.coding.net/repository/tianyin/core/org/apache/maven/maven/3.3.9/maven-3.3.9.pom (0 B at 0 B/s)
Downloading from aiban-tianyin-core: https://aiban-maven.pkg.coding.net/repository/tianyin/core/org/apache/maven/maven-parent/27/maven-parent-27.pom
Downloaded from aiban-tianyin-core: https://aiban-maven.pkg.coding.net/repository/tianyin/core/org/apache/maven/maven-parent/27/maven-parent-27.pom (0 B at 0 B/s)
Downloading from aiban-tianyin-core: https://aiban-maven.pkg.coding.net/repository/tianyin/core/org/apache/maven/maven-model/3.3.9/maven-model-3.3.9.pom
Downloaded from aiban-tianyin-core: https://aiban-maven.pkg.coding.net/repository/tianyin/core/org/apache/maven/maven-model/3.3.9/maven-model-3.3.9.pom (0 B at 0 B/s)
Downloading from aiban-tianyin-core: https://aiban-maven.pkg.coding.net/repository/tianyin/core/org/apache/maven/maven-model-builder/3.3.9/maven-model-builder-3.3.9.pom
Downloaded from aiban-tianyin-core: https://aiban-maven.pkg.coding.net/repository/tianyin/core/org/apache/maven/maven-model-builder/3.3.9/maven-model-builder-3.3.9.pom (0 B at 0 B/s)
Downloading from aiban-tianyin-core: https://aiban-maven.pkg.coding.net/repository/tianyin/core/org/apache/maven/maven-artifact/3.3.9/maven-artifact-3.3.9.pom
Downloaded from aiban-tianyin-core: https://aiban-maven.pkg.coding.net/repository/tianyin/core/org/apache/maven/maven-artifact/3.3.9/maven-artifact-3.3.9.pom (0 B at 0 B/s)
Downloading from aiban-tianyin-core: https://aiban-maven.pkg.coding.net/repository/tianyin/core/org/apache/maven/maven-builder-support/3.3.9/maven-builder-support-3.3.9.pom
Downloaded from aiban-tianyin-core: https://aiban-maven.pkg.coding.net/repository/tianyin/core/org/apache/maven/maven-builder-support/3.3.9/maven-builder-support-3.3.9.pom (0 B at 0 B/s)
Downloading from aiban-tianyin-core: https://aiban-maven.pkg.coding.net/repository/tianyin/core/com/google/guava/guava/18.0/guava-18.0.pom
Downloaded from aiban-tianyin-core: https://aiban-maven.pkg.coding.net/repository/tianyin/core/com/google/guava/guava/18.0/guava-18.0.pom (0 B at 0 B/s)
Downloading from aiban-tianyin-core: https://aiban-maven.pkg.coding.net/repository/tianyin/core/com/google/guava/guava-parent/18.0/guava-parent-18.0.pom
Downloaded from aiban-tianyin-core: https://aiban-maven.pkg.coding.net/repository/tianyin/core/com/google/guava/guava-parent/18.0/guava-parent-18.0.pom (0 B at 0 B/s)
Downloading from aiban-tianyin-core: https://aiban-maven.pkg.coding.net/repository/tianyin/core/org/apache/maven/maven-repository-metadata/3.3.9/maven-repository-metadata-3.3.9.pom
Downloaded from aiban-tianyin-core: https://aiban-maven.pkg.coding.net/repository/tianyin/core/org/apache/maven/maven-repository-metadata/3.3.9/maven-repository-metadata-3.3.9.pom (0 B at 0 B/s)
Downloading from aiban-tianyin-core: https://aiban-maven.pkg.coding.net/repository/tianyin/core/org/apache/maven/wagon/wagon-ftp/3.3.2/wagon-ftp-3.3.2.pom
Progress (1): 2.2 kB
                    
Downloaded from aiban-tianyin-core: https://aiban-maven.pkg.coding.net/repository/tianyin/core/org/apache/maven/wagon/wagon-ftp/3.3.2/wagon-ftp-3.3.2.pom (2.2 kB at 3.6 kB/s)
Downloading from aiban-tianyin-core: https://aiban-maven.pkg.coding.net/repository/tianyin/core/org/apache/maven/wagon/wagon-providers/3.3.2/wagon-providers-3.3.2.pom
Progress (1): 2.8 kB
                    
Downloaded from aiban-tianyin-core: https://aiban-maven.pkg.coding.net/repository/tianyin/core/org/apache/maven/wagon/wagon-providers/3.3.2/wagon-providers-3.3.2.pom (2.8 kB at 6.8 kB/s)
Downloading from aiban-tianyin-core: https://aiban-maven.pkg.coding.net/repository/tianyin/core/org/apache/maven/wagon/wagon/3.3.2/wagon-3.3.2.pom
Progress (1): 4.1 kB
Progress (1): 8.2 kB
Progress (1): 11 kB 
Progress (1): 15 kB
Progress (1): 18 kB
Progress (1): 21 kB
                   
Downloaded from aiban-tianyin-core: https://aiban-maven.pkg.coding.net/repository/tianyin/core/org/apache/maven/wagon/wagon/3.3.2/wagon-3.3.2.pom (21 kB at 40 kB/s)
Downloading from aiban-tianyin-core: https://aiban-maven.pkg.coding.net/repository/tianyin/core/commons-net/commons-net/3.6/commons-net-3.6.pom
Progress (1): 2.6 kB
Progress (1): 5.4 kB
Progress (1): 9.5 kB
Progress (1): 12 kB 
Progress (1): 15 kB
Progress (1): 19 kB
Progress (1): 22 kB
                   
Downloaded from aiban-tianyin-core: https://aiban-maven.pkg.coding.net/repository/tianyin/core/commons-net/commons-net/3.6/commons-net-3.6.pom (22 kB at 61 kB/s)
Downloading from aiban-tianyin-core: https://aiban-maven.pkg.coding.net/repository/tianyin/core/org/apache/maven/wagon/wagon-provider-api/3.3.2/wagon-provider-api-3.3.2.pom
Progress (1): 1.9 kB
                    
Downloaded from aiban-tianyin-core: https://aiban-maven.pkg.coding.net/repository/tianyin/core/org/apache/maven/wagon/wagon-provider-api/3.3.2/wagon-provider-api-3.3.2.pom (1.9 kB at 4.4 kB/s)
Downloading from aiban-tianyin-core: https://aiban-maven.pkg.coding.net/repository/tianyin/core/org/apache/maven/wagon/wagon-http/3.3.2/wagon-http-3.3.2.pom
Progress (1): 4.0 kB
Progress (1): 6.6 kB
                    
Downloaded from aiban-tianyin-core: https://aiban-maven.pkg.coding.net/repository/tianyin/core/org/apache/maven/wagon/wagon-http/3.3.2/wagon-http-3.3.2.pom (6.6 kB at 11 kB/s)
Downloading from aiban-tianyin-core: https://aiban-maven.pkg.coding.net/repository/tianyin/core/org/apache/maven/wagon/wagon-http-shared/3.3.2/wagon-http-shared-3.3.2.pom
Progress (1): 2.6 kB
                    
Downloaded from aiban-tianyin-core: https://aiban-maven.pkg.coding.net/repository/tianyin/core/org/apache/maven/wagon/wagon-http-shared/3.3.2/wagon-http-shared-3.3.2.pom (2.6 kB at 4.5 kB/s)
Downloading from aiban-tianyin-core: https://aiban-maven.pkg.coding.net/repository/tianyin/core/org/jsoup/jsoup/1.11.3/jsoup-1.11.3.pom
Progress (1): 4.0 kB
Progress (1): 8.1 kB
Progress (1): 8.3 kB
                    
Downloaded from aiban-tianyin-core: https://aiban-maven.pkg.coding.net/repository/tianyin/core/org/jsoup/jsoup/1.11.3/jsoup-1.11.3.pom (8.3 kB at 28 kB/s)
Downloading from aiban-tianyin-core: https://aiban-maven.pkg.coding.net/repository/tianyin/core/org/apache/maven/wagon/wagon-ssh/3.3.2/wagon-ssh-3.3.2.pom
Progress (1): 4.0 kB
Progress (1): 6.5 kB
                    
Downloaded from aiban-tianyin-core: https://aiban-maven.pkg.coding.net/repository/tianyin/core/org/apache/maven/wagon/wagon-ssh/3.3.2/wagon-ssh-3.3.2.pom (6.5 kB at 12 kB/s)
Downloading from aiban-tianyin-core: https://aiban-maven.pkg.coding.net/repository/tianyin/core/org/sonatype/oss/oss-parent/6/oss-parent-6.pom
Downloaded from aiban-tianyin-core: https://aiban-maven.pkg.coding.net/repository/tianyin/core/org/sonatype/oss/oss-parent/6/oss-parent-6.pom (0 B at 0 B/s)
Downloading from aiban-tianyin-core: https://aiban-maven.pkg.coding.net/repository/tianyin/core/net/java/dev/jna/jna/4.1.0/jna-4.1.0.pom
Progress (1): 1.3 kB
                    
Downloaded from aiban-tianyin-core: https://aiban-maven.pkg.coding.net/repository/tianyin/core/net/java/dev/jna/jna/4.1.0/jna-4.1.0.pom (1.3 kB at 4.6 kB/s)
Downloading from aiban-tianyin-core: https://aiban-maven.pkg.coding.net/repository/tianyin/core/com/jcraft/jsch.agentproxy.jsch/0.0.9/jsch.agentproxy.jsch-0.0.9.pom
Progress (1): 1.1 kB
                    
Downloaded from aiban-tianyin-core: https://aiban-maven.pkg.coding.net/repository/tianyin/core/com/jcraft/jsch.agentproxy.jsch/0.0.9/jsch.agentproxy.jsch-0.0.9.pom (1.1 kB at 4.0 kB/s)
Downloading from aiban-tianyin-core: https://aiban-maven.pkg.coding.net/repository/tianyin/core/com/jcraft/jsch/0.1.49/jsch-0.1.49.pom
Progress (1): 2.6 kB
Progress (1): 3.2 kB
                    
Downloaded from aiban-tianyin-core: https://aiban-maven.pkg.coding.net/repository/tianyin/core/com/jcraft/jsch/0.1.49/jsch-0.1.49.pom (3.2 kB at 11 kB/s)
Downloading from aiban-tianyin-core: https://aiban-maven.pkg.coding.net/repository/tianyin/core/org/codehaus/plexus/plexus-interactivity-api/1.0-alpha-6/plexus-interactivity-api-1.0-alpha-6.pom
Downloaded from aiban-tianyin-core: https://aiban-maven.pkg.coding.net/repository/tianyin/core/org/codehaus/plexus/plexus-interactivity-api/1.0-alpha-6/plexus-interactivity-api-1.0-alpha-6.pom (0 B at 0 B/s)
Downloading from aiban-tianyin-core: https://aiban-maven.pkg.coding.net/repository/tianyin/core/org/codehaus/plexus/plexus-interactivity/1.0-alpha-6/plexus-interactivity-1.0-alpha-6.pom
Downloaded from aiban-tianyin-core: https://aiban-maven.pkg.coding.net/repository/tianyin/core/org/codehaus/plexus/plexus-interactivity/1.0-alpha-6/plexus-interactivity-1.0-alpha-6.pom (0 B at 0 B/s)
Downloading from aiban-tianyin-core: https://aiban-maven.pkg.coding.net/repository/tianyin/core/org/codehaus/plexus/plexus-components/1.1.9/plexus-components-1.1.9.pom
Downloaded from aiban-tianyin-core: https://aiban-maven.pkg.coding.net/repository/tianyin/core/org/codehaus/plexus/plexus-components/1.1.9/plexus-components-1.1.9.pom (0 B at 0 B/s)
Downloading from aiban-tianyin-core: https://aiban-maven.pkg.coding.net/repository/tianyin/core/org/codehaus/plexus/plexus-utils/1.4/plexus-utils-1.4.pom
Downloaded from aiban-tianyin-core: https://aiban-maven.pkg.coding.net/repository/tianyin/core/org/codehaus/plexus/plexus-utils/1.4/plexus-utils-1.4.pom (0 B at 0 B/s)
Downloading from aiban-tianyin-core: https://aiban-maven.pkg.coding.net/repository/tianyin/core/org/codehaus/plexus/plexus-component-api/1.0-alpha-16/plexus-component-api-1.0-alpha-16.pom
Progress (1): 2.2 kB
                    
Downloaded from aiban-tianyin-core: https://aiban-maven.pkg.coding.net/repository/tianyin/core/org/codehaus/plexus/plexus-component-api/1.0-alpha-16/plexus-component-api-1.0-alpha-16.pom (2.2 kB at 7.5 kB/s)
Downloading from aiban-tianyin-core: https://aiban-maven.pkg.coding.net/repository/tianyin/core/org/codehaus/plexus/plexus-containers/1.0-alpha-16/plexus-containers-1.0-alpha-16.pom
Progress (1): 1.9 kB
                    
Downloaded from aiban-tianyin-core: https://aiban-maven.pkg.coding.net/repository/tianyin/core/org/codehaus/plexus/plexus-containers/1.0-alpha-16/plexus-containers-1.0-alpha-16.pom (1.9 kB at 6.6 kB/s)
Downloading from aiban-tianyin-core: https://aiban-maven.pkg.coding.net/repository/tianyin/core/org/apache/maven/wagon/wagon-ssh-common/3.3.2/wagon-ssh-common-3.3.2.pom
Progress (1): 2.0 kB
                    
Downloaded from aiban-tianyin-core: https://aiban-maven.pkg.coding.net/repository/tianyin/core/org/apache/maven/wagon/wagon-ssh-common/3.3.2/wagon-ssh-common-3.3.2.pom (2.0 kB at 5.3 kB/s)
Downloading from aiban-tianyin-core: https://aiban-maven.pkg.coding.net/repository/tianyin/core/org/springframework/cloud/spring-cloud-deployer-resource-maven/2.3.1.RELEASE/spring-cloud-deployer-resource-maven-2.3.1.RELEASE.pom
Progress (1): 2.6 kB
Progress (1): 2.9 kB
                    
Downloaded from aiban-tianyin-core: https://aiban-maven.pkg.coding.net/repository/tianyin/core/org/springframework/cloud/spring-cloud-deployer-resource-maven/2.3.1.RELEASE/spring-cloud-deployer-resource-maven-2.3.1.RELEASE.pom (2.9 kB at 4.2 kB/s)
Downloading from aiban-tianyin-core: https://aiban-maven.pkg.coding.net/repository/tianyin/core/org/springframework/cloud/spring-cloud-deployer-parent/2.3.1.RELEASE/spring-cloud-deployer-parent-2.3.1.RELEASE.pom
Progress (1): 4.0 kB
Progress (1): 4.3 kB
                    
Downloaded from aiban-tianyin-core: https://aiban-maven.pkg.coding.net/repository/tianyin/core/org/springframework/cloud/spring-cloud-deployer-parent/2.3.1.RELEASE/spring-cloud-deployer-parent-2.3.1.RELEASE.pom (4.3 kB at 6.2 kB/s)
Downloading from aiban-tianyin-core: https://aiban-maven.pkg.coding.net/repository/tianyin/core/org/springframework/cloud/spring-cloud-dataflow-build/2.5.1.RELEASE/spring-cloud-dataflow-build-2.5.1.RELEASE.pom
Progress (1): 4.1 kB
Progress (1): 8.2 kB
Progress (1): 11 kB 
Progress (1): 14 kB
Progress (1): 16 kB
Progress (1): 19 kB
Progress (1): 22 kB
Progress (1): 23 kB
                   
Downloaded from aiban-tianyin-core: https://aiban-maven.pkg.coding.net/repository/tianyin/core/org/springframework/cloud/spring-cloud-dataflow-build/2.5.1.RELEASE/spring-cloud-dataflow-build-2.5.1.RELEASE.pom (23 kB at 27 kB/s)
Downloading from aiban-tianyin-core: https://aiban-maven.pkg.coding.net/repository/tianyin/core/org/springframework/boot/spring-boot-dependencies/2.2.7.RELEASE/spring-boot-dependencies-2.2.7.RELEASE.pom
Progress (1): 4.0 kB
Progress (1): 8.1 kB
Progress (1): 12 kB 
Progress (1): 15 kB
Progress (1): 18 kB
Progress (1): 21 kB
Progress (1): 25 kB
Progress (1): 28 kB
Progress (1): 31 kB
Progress (1): 35 kB
Progress (1): 38 kB
Progress (1): 41 kB
Progress (1): 44 kB
Progress (1): 47 kB
Progress (1): 50 kB
Progress (1): 52 kB
Progress (1): 56 kB
Progress (1): 58 kB
Progress (1): 61 kB
Progress (1): 65 kB
Progress (1): 69 kB
Progress (1): 74 kB
Progress (1): 78 kB
Progress (1): 82 kB
Progress (1): 86 kB
Progress (1): 90 kB
Progress (1): 94 kB
Progress (1): 98 kB
Progress (1): 102 kB
Progress (1): 106 kB
Progress (1): 110 kB
Progress (1): 114 kB
Progress (1): 119 kB
Progress (1): 123 kB
Progress (1): 127 kB
Progress (1): 127 kB
                    
Downloaded from aiban-tianyin-core: https://aiban-maven.pkg.coding.net/repository/tianyin/core/org/springframework/boot/spring-boot-dependencies/2.2.7.RELEASE/spring-boot-dependencies-2.2.7.RELEASE.pom (127 kB at 332 kB/s)
Downloading from aiban-tianyin-core: https://aiban-maven.pkg.coding.net/repository/tianyin/core/com/fasterxml/jackson/jackson-bom/2.10.4/jackson-bom-2.10.4.pom
Downloaded from aiban-tianyin-core: https://aiban-maven.pkg.coding.net/repository/tianyin/core/com/fasterxml/jackson/jackson-bom/2.10.4/jackson-bom-2.10.4.pom (0 B at 0 B/s)
Downloading from aiban-tianyin-core: https://aiban-maven.pkg.coding.net/repository/tianyin/core/io/micrometer/micrometer-bom/1.3.8/micrometer-bom-1.3.8.pom
Progress (1): 4.0 kB
Progress (1): 6.6 kB
                    
Downloaded from aiban-tianyin-core: https://aiban-maven.pkg.coding.net/repository/tianyin/core/io/micrometer/micrometer-bom/1.3.8/micrometer-bom-1.3.8.pom (6.6 kB at 20 kB/s)
Downloading from aiban-tianyin-core: https://aiban-maven.pkg.coding.net/repository/tianyin/core/io/rsocket/rsocket-bom/1.0.0-RC7/rsocket-bom-1.0.0-RC7.pom
Progress (1): 2.8 kB
                    
Downloaded from aiban-tianyin-core: https://aiban-maven.pkg.coding.net/repository/tianyin/core/io/rsocket/rsocket-bom/1.0.0-RC7/rsocket-bom-1.0.0-RC7.pom (2.8 kB at 10 kB/s)
Downloading from aiban-tianyin-core: https://aiban-maven.pkg.coding.net/repository/tianyin/core/org/apache/logging/log4j/log4j-bom/2.12.1/log4j-bom-2.12.1.pom
Downloaded from aiban-tianyin-core: https://aiban-maven.pkg.coding.net/repository/tianyin/core/org/apache/logging/log4j/log4j-bom/2.12.1/log4j-bom-2.12.1.pom (0 B at 0 B/s)
Downloading from aiban-tianyin-core: https://aiban-maven.pkg.coding.net/repository/tianyin/core/org/jetbrains/kotlinx/kotlinx-coroutines-bom/1.3.5/kotlinx-coroutines-bom-1.3.5.pom
Downloaded from aiban-tianyin-core: https://aiban-maven.pkg.coding.net/repository/tianyin/core/org/jetbrains/kotlinx/kotlinx-coroutines-bom/1.3.5/kotlinx-coroutines-bom-1.3.5.pom (0 B at 0 B/s)
Downloading from aiban-tianyin-core: https://aiban-maven.pkg.coding.net/repository/tianyin/core/org/springframework/data/spring-data-releasetrain/Moore-SR7/spring-data-releasetrain-Moore-SR7.pom
Progress (1): 3.8 kB
Progress (1): 4.8 kB
                    
Downloaded from aiban-tianyin-core: https://aiban-maven.pkg.coding.net/repository/tianyin/core/org/springframework/data/spring-data-releasetrain/Moore-SR7/spring-data-releasetrain-Moore-SR7.pom (4.8 kB at 17 kB/s)
Downloading from aiban-tianyin-core: https://aiban-maven.pkg.coding.net/repository/tianyin/core/org/springframework/data/build/spring-data-build/2.2.7.RELEASE/spring-data-build-2.2.7.RELEASE.pom
Progress (1): 2.6 kB
Progress (1): 5.4 kB
Progress (1): 7.1 kB
                    
Downloaded from aiban-tianyin-core: https://aiban-maven.pkg.coding.net/repository/tianyin/core/org/springframework/data/build/spring-data-build/2.2.7.RELEASE/spring-data-build-2.2.7.RELEASE.pom (7.1 kB at 18 kB/s)
Downloading from aiban-tianyin-core: https://aiban-maven.pkg.coding.net/repository/tianyin/core/org/springframework/integration/spring-integration-bom/5.2.6.RELEASE/spring-integration-bom-5.2.6.RELEASE.pom
Progress (1): 2.6 kB
Progress (1): 5.4 kB
Progress (1): 9.0 kB
                    
Downloaded from aiban-tianyin-core: https://aiban-maven.pkg.coding.net/repository/tianyin/core/org/springframework/integration/spring-integration-bom/5.2.6.RELEASE/spring-integration-bom-5.2.6.RELEASE.pom (9.0 kB at 20 kB/s)
Downloading from aiban-tianyin-core: https://aiban-maven.pkg.coding.net/repository/tianyin/core/org/springframework/security/spring-security-bom/5.2.4.RELEASE/spring-security-bom-5.2.4.RELEASE.pom
Progress (1): 4.1 kB
Progress (1): 5.4 kB
                    
Downloaded from aiban-tianyin-core: https://aiban-maven.pkg.coding.net/repository/tianyin/core/org/springframework/security/spring-security-bom/5.2.4.RELEASE/spring-security-bom-5.2.4.RELEASE.pom (5.4 kB at 18 kB/s)
Downloading from aiban-tianyin-core: https://aiban-maven.pkg.coding.net/repository/tianyin/core/org/springframework/session/spring-session-bom/Corn-SR2/spring-session-bom-Corn-SR2.pom
Downloaded from aiban-tianyin-core: https://aiban-maven.pkg.coding.net/repository/tianyin/core/org/springframework/session/spring-session-bom/Corn-SR2/spring-session-bom-Corn-SR2.pom (0 B at 0 B/s)
Downloading from aiban-tianyin-core: https://aiban-maven.pkg.coding.net/repository/tianyin/core/org/springframework/cloud/spring-cloud-dataflow-build-dependencies/2.5.1.RELEASE/spring-cloud-dataflow-build-dependencies-2.5.1.RELEASE.pom
Progress (1): 2.7 kB
                    
Downloaded from aiban-tianyin-core: https://aiban-maven.pkg.coding.net/repository/tianyin/core/org/springframework/cloud/spring-cloud-dataflow-build-dependencies/2.5.1.RELEASE/spring-cloud-dataflow-build-dependencies-2.5.1.RELEASE.pom (2.7 kB at 3.8 kB/s)
Downloading from aiban-tianyin-core: https://aiban-maven.pkg.coding.net/repository/tianyin/core/org/springframework/cloud/spring-cloud-dependencies/Hoxton.SR4/spring-cloud-dependencies-Hoxton.SR4.pom
Progress (1): 3.8 kB
Progress (1): 7.9 kB
Progress (1): 12 kB 
Progress (1): 12 kB
                   
Downloaded from aiban-tianyin-core: https://aiban-maven.pkg.coding.net/repository/tianyin/core/org/springframework/cloud/spring-cloud-dependencies/Hoxton.SR4/spring-cloud-dependencies-Hoxton.SR4.pom (12 kB at 35 kB/s)
Downloading from aiban-tianyin-core: https://aiban-maven.pkg.coding.net/repository/tianyin/core/org/springframework/cloud/spring-cloud-commons-dependencies/2.2.2.RELEASE/spring-cloud-commons-dependencies-2.2.2.RELEASE.pom
Progress (1): 3.9 kB
Progress (1): 6.7 kB
Progress (1): 7.0 kB
                    
Downloaded from aiban-tianyin-core: https://aiban-maven.pkg.coding.net/repository/tianyin/core/org/springframework/cloud/spring-cloud-commons-dependencies/2.2.2.RELEASE/spring-cloud-commons-dependencies-2.2.2.RELEASE.pom (7.0 kB at 25 kB/s)
Downloading from aiban-tianyin-core: https://aiban-maven.pkg.coding.net/repository/tianyin/core/org/springframework/cloud/spring-cloud-netflix-dependencies/2.2.2.RELEASE/spring-cloud-netflix-dependencies-2.2.2.RELEASE.pom
Progress (1): 2.6 kB
Progress (1): 6.7 kB
Progress (1): 11 kB 
Progress (1): 14 kB
Progress (1): 17 kB
Progress (1): 19 kB
                   
Downloaded from aiban-tianyin-core: https://aiban-maven.pkg.coding.net/repository/tianyin/core/org/springframework/cloud/spring-cloud-netflix-dependencies/2.2.2.RELEASE/spring-cloud-netflix-dependencies-2.2.2.RELEASE.pom (19 kB at 64 kB/s)
Downloading from aiban-tianyin-core: https://aiban-maven.pkg.coding.net/repository/tianyin/core/org/springframework/cloud/spring-cloud-stream-dependencies/Horsham.SR4/spring-cloud-stream-dependencies-Horsham.SR4.pom
Progress (1): 4.1 kB
Progress (1): 8.2 kB
Progress (1): 9.3 kB
                    
Downloaded from aiban-tianyin-core: https://aiban-maven.pkg.coding.net/repository/tianyin/core/org/springframework/cloud/spring-cloud-stream-dependencies/Horsham.SR4/spring-cloud-stream-dependencies-Horsham.SR4.pom (9.3 kB at 24 kB/s)
Downloading from aiban-tianyin-core: https://aiban-maven.pkg.coding.net/repository/tianyin/core/org/springframework/cloud/spring-cloud-task-dependencies/2.2.3.RELEASE/spring-cloud-task-dependencies-2.2.3.RELEASE.pom
Progress (1): 2.4/3.0 kB
Progress (1): 3.0 kB    
                    
Downloaded from aiban-tianyin-core: https://aiban-maven.pkg.coding.net/repository/tianyin/core/org/springframework/cloud/spring-cloud-task-dependencies/2.2.3.RELEASE/spring-cloud-task-dependencies-2.2.3.RELEASE.pom (3.0 kB at 8.9 kB/s)
Downloading from aiban-tianyin-core: https://aiban-maven.pkg.coding.net/repository/tianyin/core/org/springframework/cloud/spring-cloud-circuitbreaker-dependencies/1.0.2.RELEASE/spring-cloud-circuitbreaker-dependencies-1.0.2.RELEASE.pom
Progress (1): 2.6 kB
Progress (1): 5.4 kB
Progress (1): 7.1 kB
                    
Downloaded from aiban-tianyin-core: https://aiban-maven.pkg.coding.net/repository/tianyin/core/org/springframework/cloud/spring-cloud-circuitbreaker-dependencies/1.0.2.RELEASE/spring-cloud-circuitbreaker-dependencies-1.0.2.RELEASE.pom (7.1 kB at 16 kB/s)
Downloading from aiban-tianyin-core: https://aiban-maven.pkg.coding.net/repository/tianyin/core/org/springframework/cloud/spring-cloud-config-dependencies/2.2.2.RELEASE/spring-cloud-config-dependencies-2.2.2.RELEASE.pom
Progress (1): 3.8 kB
Progress (1): 6.6 kB
Progress (1): 7.6 kB
                    
Downloaded from aiban-tianyin-core: https://aiban-maven.pkg.coding.net/repository/tianyin/core/org/springframework/cloud/spring-cloud-config-dependencies/2.2.2.RELEASE/spring-cloud-config-dependencies-2.2.2.RELEASE.pom (7.6 kB at 21 kB/s)
Downloading from aiban-tianyin-core: https://aiban-maven.pkg.coding.net/repository/tianyin/core/org/springframework/cloud/spring-cloud-function-dependencies/3.0.6.RELEASE/spring-cloud-function-dependencies-3.0.6.RELEASE.pom
Progress (1): 4.0 kB
Progress (1): 6.2 kB
                    
Downloaded from aiban-tianyin-core: https://aiban-maven.pkg.coding.net/repository/tianyin/core/org/springframework/cloud/spring-cloud-function-dependencies/3.0.6.RELEASE/spring-cloud-function-dependencies-3.0.6.RELEASE.pom (6.2 kB at 16 kB/s)
Downloading from aiban-tianyin-core: https://aiban-maven.pkg.coding.net/repository/tianyin/core/org/springframework/cloud/spring-cloud-gateway-dependencies/2.2.2.RELEASE/spring-cloud-gateway-dependencies-2.2.2.RELEASE.pom
Progress (1): 4.0 kB
Progress (1): 6.1 kB
                    
Downloaded from aiban-tianyin-core: https://aiban-maven.pkg.coding.net/repository/tianyin/core/org/springframework/cloud/spring-cloud-gateway-dependencies/2.2.2.RELEASE/spring-cloud-gateway-dependencies-2.2.2.RELEASE.pom (6.1 kB at 24 kB/s)
Downloading from aiban-tianyin-core: https://aiban-maven.pkg.coding.net/repository/tianyin/core/org/springframework/cloud/spring-cloud-consul-dependencies/2.2.2.RELEASE/spring-cloud-consul-dependencies-2.2.2.RELEASE.pom
Progress (1): 4.1 kB
Progress (1): 6.9 kB
Progress (1): 7.6 kB
                    
Downloaded from aiban-tianyin-core: https://aiban-maven.pkg.coding.net/repository/tianyin/core/org/springframework/cloud/spring-cloud-consul-dependencies/2.2.2.RELEASE/spring-cloud-consul-dependencies-2.2.2.RELEASE.pom (7.6 kB at 27 kB/s)
Downloading from aiban-tianyin-core: https://aiban-maven.pkg.coding.net/repository/tianyin/core/org/springframework/cloud/spring-cloud-sleuth-dependencies/2.2.2.RELEASE/spring-cloud-sleuth-dependencies-2.2.2.RELEASE.pom
Progress (1): 4.0 kB
Progress (1): 7.6 kB
                    
Downloaded from aiban-tianyin-core: https://aiban-maven.pkg.coding.net/repository/tianyin/core/org/springframework/cloud/spring-cloud-sleuth-dependencies/2.2.2.RELEASE/spring-cloud-sleuth-dependencies-2.2.2.RELEASE.pom (7.6 kB at 23 kB/s)
Downloading from aiban-tianyin-core: https://aiban-maven.pkg.coding.net/repository/tianyin/core/io/zipkin/brave/brave-bom/5.10.1/brave-bom-5.10.1.pom
Progress (1): 2.6 kB
Progress (1): 6.7 kB
Progress (1): 9.4 kB
Progress (1): 10 kB 
                   
Downloaded from aiban-tianyin-core: https://aiban-maven.pkg.coding.net/repository/tianyin/core/io/zipkin/brave/brave-bom/5.10.1/brave-bom-5.10.1.pom (10 kB at 37 kB/s)
Downloading from aiban-tianyin-core: https://aiban-maven.pkg.coding.net/repository/tianyin/core/io/zipkin/reporter2/zipkin-reporter-bom/2.12.1/zipkin-reporter-bom-2.12.1.pom
Progress (1): 2.6 kB
Progress (1): 5.3 kB
Progress (1): 5.4 kB
                    
Downloaded from aiban-tianyin-core: https://aiban-maven.pkg.coding.net/repository/tianyin/core/io/zipkin/reporter2/zipkin-reporter-bom/2.12.1/zipkin-reporter-bom-2.12.1.pom (5.4 kB at 14 kB/s)
Downloading from aiban-tianyin-core: https://aiban-maven.pkg.coding.net/repository/tianyin/core/org/springframework/cloud/spring-cloud-vault-dependencies/2.2.2.RELEASE/spring-cloud-vault-dependencies-2.2.2.RELEASE.pom
Progress (1): 4.0 kB
Progress (1): 6.3 kB
                    
Downloaded from aiban-tianyin-core: https://aiban-maven.pkg.coding.net/repository/tianyin/core/org/springframework/cloud/spring-cloud-vault-dependencies/2.2.2.RELEASE/spring-cloud-vault-dependencies-2.2.2.RELEASE.pom (6.3 kB at 20 kB/s)
Downloading from aiban-tianyin-core: https://aiban-maven.pkg.coding.net/repository/tianyin/core/org/springframework/cloud/spring-cloud-zookeeper-dependencies/2.2.1.RELEASE/spring-cloud-zookeeper-dependencies-2.2.1.RELEASE.pom
Progress (1): 2.6 kB
Progress (1): 5.4 kB
Progress (1): 9.1 kB
                    
Downloaded from aiban-tianyin-core: https://aiban-maven.pkg.coding.net/repository/tianyin/core/org/springframework/cloud/spring-cloud-zookeeper-dependencies/2.2.1.RELEASE/spring-cloud-zookeeper-dependencies-2.2.1.RELEASE.pom (9.1 kB at 29 kB/s)
Downloading from aiban-tianyin-core: https://aiban-maven.pkg.coding.net/repository/tianyin/core/org/springframework/cloud/spring-cloud-security-dependencies/2.2.1.RELEASE/spring-cloud-security-dependencies-2.2.1.RELEASE.pom
Progress (1): 2.6 kB
Progress (1): 6.3 kB
                    
Downloaded from aiban-tianyin-core: https://aiban-maven.pkg.coding.net/repository/tianyin/core/org/springframework/cloud/spring-cloud-security-dependencies/2.2.1.RELEASE/spring-cloud-security-dependencies-2.2.1.RELEASE.pom (6.3 kB at 22 kB/s)
Downloading from aiban-tianyin-core: https://aiban-maven.pkg.coding.net/repository/tianyin/core/org/springframework/cloud/spring-cloud-cloudfoundry-dependencies/2.2.1.RELEASE/spring-cloud-cloudfoundry-dependencies-2.2.1.RELEASE.pom
Progress (1): 2.6 kB
Progress (1): 6.4 kB
                    
Downloaded from aiban-tianyin-core: https://aiban-maven.pkg.coding.net/repository/tianyin/core/org/springframework/cloud/spring-cloud-cloudfoundry-dependencies/2.2.1.RELEASE/spring-cloud-cloudfoundry-dependencies-2.2.1.RELEASE.pom (6.4 kB at 22 kB/s)
Downloading from aiban-tianyin-core: https://aiban-maven.pkg.coding.net/repository/tianyin/core/org/springframework/cloud/spring-cloud-bus-dependencies/2.2.1.RELEASE/spring-cloud-bus-dependencies-2.2.1.RELEASE.pom
Progress (1): 4.1 kB
Progress (1): 5.9 kB
                    
Downloaded from aiban-tianyin-core: https://aiban-maven.pkg.coding.net/repository/tianyin/core/org/springframework/cloud/spring-cloud-bus-dependencies/2.2.1.RELEASE/spring-cloud-bus-dependencies-2.2.1.RELEASE.pom (5.9 kB at 18 kB/s)
Downloading from aiban-tianyin-core: https://aiban-maven.pkg.coding.net/repository/tianyin/core/org/springframework/cloud/spring-cloud-contract-dependencies/2.2.2.RELEASE/spring-cloud-contract-dependencies-2.2.2.RELEASE.pom
Progress (1): 3.8 kB
Progress (1): 7.9 kB
Progress (1): 9.1 kB
                    
Downloaded from aiban-tianyin-core: https://aiban-maven.pkg.coding.net/repository/tianyin/core/org/springframework/cloud/spring-cloud-contract-dependencies/2.2.2.RELEASE/spring-cloud-contract-dependencies-2.2.2.RELEASE.pom (9.1 kB at 30 kB/s)
Downloading from aiban-tianyin-core: https://aiban-maven.pkg.coding.net/repository/tianyin/core/org/springframework/cloud/spring-cloud-aws-dependencies/2.2.1.RELEASE/spring-cloud-aws-dependencies-2.2.1.RELEASE.pom
Progress (1): 4.0 kB
Progress (1): 8.1 kB
Progress (1): 10 kB 
                   
Downloaded from aiban-tianyin-core: https://aiban-maven.pkg.coding.net/repository/tianyin/core/org/springframework/cloud/spring-cloud-aws-dependencies/2.2.1.RELEASE/spring-cloud-aws-dependencies-2.2.1.RELEASE.pom (10 kB at 37 kB/s)
Downloading from aiban-tianyin-core: https://aiban-maven.pkg.coding.net/repository/tianyin/core/org/springframework/cloud/spring-cloud-dependencies-parent/2.2.1.RELEASE/spring-cloud-dependencies-parent-2.2.1.RELEASE.pom
Progress (1): 4.0 kB
Progress (1): 6.9 kB
Progress (1): 8.3 kB
                    
Downloaded from aiban-tianyin-core: https://aiban-maven.pkg.coding.net/repository/tianyin/core/org/springframework/cloud/spring-cloud-dependencies-parent/2.2.1.RELEASE/spring-cloud-dependencies-parent-2.2.1.RELEASE.pom (8.3 kB at 22 kB/s)
Downloading from aiban-tianyin-core: https://aiban-maven.pkg.coding.net/repository/tianyin/core/com/amazonaws/aws-java-sdk-bom/1.11.415/aws-java-sdk-bom-1.11.415.pom
Downloaded from aiban-tianyin-core: https://aiban-maven.pkg.coding.net/repository/tianyin/core/com/amazonaws/aws-java-sdk-bom/1.11.415/aws-java-sdk-bom-1.11.415.pom (0 B at 0 B/s)
Downloading from aiban-tianyin-core: https://aiban-maven.pkg.coding.net/repository/tianyin/core/com/amazonaws/aws-java-sdk-pom/1.11.415/aws-java-sdk-pom-1.11.415.pom
Downloaded from aiban-tianyin-core: https://aiban-maven.pkg.coding.net/repository/tianyin/core/com/amazonaws/aws-java-sdk-pom/1.11.415/aws-java-sdk-pom-1.11.415.pom (0 B at 0 B/s)
Downloading from aiban-tianyin-core: https://aiban-maven.pkg.coding.net/repository/tianyin/core/org/springframework/cloud/spring-cloud-openfeign-dependencies/2.2.2.RELEASE/spring-cloud-openfeign-dependencies-2.2.2.RELEASE.pom
Progress (1): 3.8 kB
Progress (1): 7.9 kB
Progress (1): 8.3 kB
                    
Downloaded from aiban-tianyin-core: https://aiban-maven.pkg.coding.net/repository/tianyin/core/org/springframework/cloud/spring-cloud-openfeign-dependencies/2.2.2.RELEASE/spring-cloud-openfeign-dependencies-2.2.2.RELEASE.pom (8.3 kB at 30 kB/s)
Downloading from aiban-tianyin-core: https://aiban-maven.pkg.coding.net/repository/tianyin/core/org/springframework/cloud/spring-cloud-kubernetes-dependencies/1.1.2.RELEASE/spring-cloud-kubernetes-dependencies-1.1.2.RELEASE.pom
Progress (1): 2.6 kB
Progress (1): 6.7 kB
Progress (1): 11 kB 
Progress (1): 11 kB
                   
Downloaded from aiban-tianyin-core: https://aiban-maven.pkg.coding.net/repository/tianyin/core/org/springframework/cloud/spring-cloud-kubernetes-dependencies/1.1.2.RELEASE/spring-cloud-kubernetes-dependencies-1.1.2.RELEASE.pom (11 kB at 36 kB/s)
Downloading from aiban-tianyin-core: https://aiban-maven.pkg.coding.net/repository/tianyin/core/io/fabric8/kubernetes-client-bom/4.4.1/kubernetes-client-bom-4.4.1.pom
Progress (1): 3.8 kB
Progress (1): 6.5 kB
                    
Downloaded from aiban-tianyin-core: https://aiban-maven.pkg.coding.net/repository/tianyin/core/io/fabric8/kubernetes-client-bom/4.4.1/kubernetes-client-bom-4.4.1.pom (6.5 kB at 24 kB/s)
Downloading from aiban-tianyin-core: https://aiban-maven.pkg.coding.net/repository/tianyin/core/org/springframework/cloud/spring-cloud-gcp-dependencies/1.2.2.RELEASE/spring-cloud-gcp-dependencies-1.2.2.RELEASE.pom
Progress (1): 4.0 kB
Progress (1): 8.1 kB
Progress (1): 12 kB 
Progress (1): 13 kB
                   
Downloaded from aiban-tianyin-core: https://aiban-maven.pkg.coding.net/repository/tianyin/core/org/springframework/cloud/spring-cloud-gcp-dependencies/1.2.2.RELEASE/spring-cloud-gcp-dependencies-1.2.2.RELEASE.pom (13 kB at 41 kB/s)
Downloading from aiban-tianyin-core: https://aiban-maven.pkg.coding.net/repository/tianyin/core/com/google/cloud/libraries-bom/4.2.0/libraries-bom-4.2.0.pom
Progress (1): 4.0 kB
Progress (1): 7.2 kB
                    
Downloaded from aiban-tianyin-core: https://aiban-maven.pkg.coding.net/repository/tianyin/core/com/google/cloud/libraries-bom/4.2.0/libraries-bom-4.2.0.pom (7.2 kB at 26 kB/s)
Downloading from aiban-tianyin-core: https://aiban-maven.pkg.coding.net/repository/tianyin/core/com/google/protobuf/protobuf-bom/3.11.4/protobuf-bom-3.11.4.pom
Downloaded from aiban-tianyin-core: https://aiban-maven.pkg.coding.net/repository/tianyin/core/com/google/protobuf/protobuf-bom/3.11.4/protobuf-bom-3.11.4.pom (0 B at 0 B/s)
Downloading from aiban-tianyin-core: https://aiban-maven.pkg.coding.net/repository/tianyin/core/com/google/cloud/google-cloud-bom/0.122.3-alpha/google-cloud-bom-0.122.3-alpha.pom
Progress (1): 2.6 kB
Progress (1): 5.4 kB
Progress (1): 9.5 kB
Progress (1): 12 kB 
Progress (1): 15 kB
Progress (1): 18 kB
Progress (1): 21 kB
Progress (1): 22 kB
                   
Downloaded from aiban-tianyin-core: https://aiban-maven.pkg.coding.net/repository/tianyin/core/com/google/cloud/google-cloud-bom/0.122.3-alpha/google-cloud-bom-0.122.3-alpha.pom (22 kB at 81 kB/s)
Downloading from aiban-tianyin-core: https://aiban-maven.pkg.coding.net/repository/tianyin/core/com/google/api/gax-bom/1.54.0/gax-bom-1.54.0.pom
Progress (1): 2.6 kB
Progress (1): 2.7 kB
                    
Downloaded from aiban-tianyin-core: https://aiban-maven.pkg.coding.net/repository/tianyin/core/com/google/api/gax-bom/1.54.0/gax-bom-1.54.0.pom (2.7 kB at 8.2 kB/s)
Downloading from aiban-tianyin-core: https://aiban-maven.pkg.coding.net/repository/tianyin/core/com/google/cloud/google-cloud-core-bom/1.93.0/google-cloud-core-bom-1.93.0.pom
Progress (1): 2.6 kB
Progress (1): 3.0 kB
                    
Downloaded from aiban-tianyin-core: https://aiban-maven.pkg.coding.net/repository/tianyin/core/com/google/cloud/google-cloud-core-bom/1.93.0/google-cloud-core-bom-1.93.0.pom (3.0 kB at 10 kB/s)
Downloading from aiban-tianyin-core: https://aiban-maven.pkg.coding.net/repository/tianyin/core/com/google/cloud/google-cloud-bigquerydatatransfer-bom/0.123.0-beta/google-cloud-bigquerydatatransfer-bom-0.123.0-beta.pom
Progress (1): 3.2 kB
                    
Downloaded from aiban-tianyin-core: https://aiban-maven.pkg.coding.net/repository/tianyin/core/com/google/cloud/google-cloud-bigquerydatatransfer-bom/0.123.0-beta/google-cloud-bigquerydatatransfer-bom-0.123.0-beta.pom (3.2 kB at 12 kB/s)
Downloading from aiban-tianyin-core: https://aiban-maven.pkg.coding.net/repository/tianyin/core/com/google/cloud/google-cloud-bigquerystorage-bom/0.125.0-beta/google-cloud-bigquerystorage-bom-0.125.0-beta.pom
Progress (1): 3.9 kB
Progress (1): 4.8 kB
                    
Downloaded from aiban-tianyin-core: https://aiban-maven.pkg.coding.net/repository/tianyin/core/com/google/cloud/google-cloud-bigquerystorage-bom/0.125.0-beta/google-cloud-bigquerystorage-bom-0.125.0-beta.pom (4.8 kB at 16 kB/s)
Downloading from aiban-tianyin-core: https://aiban-maven.pkg.coding.net/repository/tianyin/core/com/google/cloud/google-cloud-firestore-bom/1.32.4/google-cloud-firestore-bom-1.32.4.pom
Progress (1): 3.8 kB
Progress (1): 4.1 kB
                    
Downloaded from aiban-tianyin-core: https://aiban-maven.pkg.coding.net/repository/tianyin/core/com/google/cloud/google-cloud-firestore-bom/1.32.4/google-cloud-firestore-bom-1.32.4.pom (4.1 kB at 13 kB/s)
Downloading from aiban-tianyin-core: https://aiban-maven.pkg.coding.net/repository/tianyin/core/com/google/cloud/google-cloud-pubsub-bom/1.103.0/google-cloud-pubsub-bom-1.103.0.pom
Progress (1): 2.6 kB
Progress (1): 3.0 kB
                    
Downloaded from aiban-tianyin-core: https://aiban-maven.pkg.coding.net/repository/tianyin/core/com/google/cloud/google-cloud-pubsub-bom/1.103.0/google-cloud-pubsub-bom-1.103.0.pom (3.0 kB at 10 kB/s)
Downloading from aiban-tianyin-core: https://aiban-maven.pkg.coding.net/repository/tianyin/core/com/google/cloud/google-cloud-securitycenter-bom/0.119.0/google-cloud-securitycenter-bom-0.119.0.pom
Progress (1): 3.9 kB
Progress (1): 4.3 kB
                    
Downloaded from aiban-tianyin-core: https://aiban-maven.pkg.coding.net/repository/tianyin/core/com/google/cloud/google-cloud-securitycenter-bom/0.119.0/google-cloud-securitycenter-bom-0.119.0.pom (4.3 kB at 13 kB/s)
Downloading from aiban-tianyin-core: https://aiban-maven.pkg.coding.net/repository/tianyin/core/org/apache/maven/maven-model-builder/3.6.2/maven-model-builder-3.6.2.pom
Downloaded from aiban-tianyin-core: https://aiban-maven.pkg.coding.net/repository/tianyin/core/org/apache/maven/maven-model-builder/3.6.2/maven-model-builder-3.6.2.pom (0 B at 0 B/s)
Downloading from aiban-tianyin-core: https://aiban-maven.pkg.coding.net/repository/tianyin/core/org/apache/maven/maven/3.6.2/maven-3.6.2.pom
Downloaded from aiban-tianyin-core: https://aiban-maven.pkg.coding.net/repository/tianyin/core/org/apache/maven/maven/3.6.2/maven-3.6.2.pom (0 B at 0 B/s)
Downloading from aiban-tianyin-core: https://aiban-maven.pkg.coding.net/repository/tianyin/core/org/codehaus/plexus/plexus-utils/3.2.1/plexus-utils-3.2.1.pom
Downloaded from aiban-tianyin-core: https://aiban-maven.pkg.coding.net/repository/tianyin/core/org/codehaus/plexus/plexus-utils/3.2.1/plexus-utils-3.2.1.pom (0 B at 0 B/s)
Downloading from aiban-tianyin-core: https://aiban-maven.pkg.coding.net/repository/tianyin/core/org/apache/maven/maven-model/3.6.2/maven-model-3.6.2.pom
Progress (1): 4.0 kB
                    
Downloaded from aiban-tianyin-core: https://aiban-maven.pkg.coding.net/repository/tianyin/core/org/apache/maven/maven-model/3.6.2/maven-model-3.6.2.pom (4.0 kB at 10 kB/s)
Downloading from aiban-tianyin-core: https://aiban-maven.pkg.coding.net/repository/tianyin/core/org/apache/maven/maven-artifact/3.6.2/maven-artifact-3.6.2.pom
Progress (1): 2.3 kB
                    
Downloaded from aiban-tianyin-core: https://aiban-maven.pkg.coding.net/repository/tianyin/core/org/apache/maven/maven-artifact/3.6.2/maven-artifact-3.6.2.pom (2.3 kB at 6.8 kB/s)
Downloading from aiban-tianyin-core: https://aiban-maven.pkg.coding.net/repository/tianyin/core/org/apache/maven/maven-builder-support/3.6.2/maven-builder-support-3.6.2.pom
Progress (1): 1.4 kB
                    
Downloaded from aiban-tianyin-core: https://aiban-maven.pkg.coding.net/repository/tianyin/core/org/apache/maven/maven-builder-support/3.6.2/maven-builder-support-3.6.2.pom (1.4 kB at 3.8 kB/s)
Downloading from aiban-tianyin-core: https://aiban-maven.pkg.coding.net/repository/tianyin/core/org/eclipse/sisu/org.eclipse.sisu.inject/0.3.3/org.eclipse.sisu.inject-0.3.3.pom
Progress (1): 2.6 kB
                    
Downloaded from aiban-tianyin-core: https://aiban-maven.pkg.coding.net/repository/tianyin/core/org/eclipse/sisu/org.eclipse.sisu.inject/0.3.3/org.eclipse.sisu.inject-0.3.3.pom (2.6 kB at 8.2 kB/s)
Downloading from aiban-tianyin-core: https://aiban-maven.pkg.coding.net/repository/tianyin/core/org/eclipse/sisu/sisu-inject/0.3.3/sisu-inject-0.3.3.pom
Progress (1): 3.9 kB
Progress (1): 8.0 kB
Progress (1): 12 kB 
Progress (1): 14 kB
                   
Downloaded from aiban-tianyin-core: https://aiban-maven.pkg.coding.net/repository/tianyin/core/org/eclipse/sisu/sisu-inject/0.3.3/sisu-inject-0.3.3.pom (14 kB at 49 kB/s)
Downloading from aiban-tianyin-core: https://aiban-maven.pkg.coding.net/repository/tianyin/core/org/apache/maven/maven-resolver-provider/3.6.2/maven-resolver-provider-3.6.2.pom
Downloaded from aiban-tianyin-core: https://aiban-maven.pkg.coding.net/repository/tianyin/core/org/apache/maven/maven-resolver-provider/3.6.2/maven-resolver-provider-3.6.2.pom (0 B at 0 B/s)
Downloading from aiban-tianyin-core: https://aiban-maven.pkg.coding.net/repository/tianyin/core/org/apache/maven/maven-repository-metadata/3.6.2/maven-repository-metadata-3.6.2.pom
Progress (1): 1.9 kB
                    
Downloaded from aiban-tianyin-core: https://aiban-maven.pkg.coding.net/repository/tianyin/core/org/apache/maven/maven-repository-metadata/3.6.2/maven-repository-metadata-3.6.2.pom (1.9 kB at 5.2 kB/s)
Downloading from aiban-tianyin-core: https://aiban-maven.pkg.coding.net/repository/tianyin/core/org/apache/maven/resolver/maven-resolver-spi/1.4.1/maven-resolver-spi-1.4.1.pom
Downloaded from aiban-tianyin-core: https://aiban-maven.pkg.coding.net/repository/tianyin/core/org/apache/maven/resolver/maven-resolver-spi/1.4.1/maven-resolver-spi-1.4.1.pom (0 B at 0 B/s)
Downloading from aiban-tianyin-core: https://aiban-maven.pkg.coding.net/repository/tianyin/core/org/apache/maven/resolver/maven-resolver-impl/1.4.1/maven-resolver-impl-1.4.1.pom
Downloaded from aiban-tianyin-core: https://aiban-maven.pkg.coding.net/repository/tianyin/core/org/apache/maven/resolver/maven-resolver-impl/1.4.1/maven-resolver-impl-1.4.1.pom (0 B at 0 B/s)
Downloading from aiban-tianyin-core: https://aiban-maven.pkg.coding.net/repository/tianyin/core/org/apache/maven/resolver/maven-resolver-connector-basic/1.4.1/maven-resolver-connector-basic-1.4.1.pom
Downloaded from aiban-tianyin-core: https://aiban-maven.pkg.coding.net/repository/tianyin/core/org/apache/maven/resolver/maven-resolver-connector-basic/1.4.1/maven-resolver-connector-basic-1.4.1.pom (0 B at 0 B/s)
Downloading from aiban-tianyin-core: https://aiban-maven.pkg.coding.net/repository/tianyin/core/org/apache/maven/resolver/maven-resolver-transport-file/1.4.1/maven-resolver-transport-file-1.4.1.pom
Downloaded from aiban-tianyin-core: https://aiban-maven.pkg.coding.net/repository/tianyin/core/org/apache/maven/resolver/maven-resolver-transport-file/1.4.1/maven-resolver-transport-file-1.4.1.pom (0 B at 0 B/s)
Downloading from aiban-tianyin-core: https://aiban-maven.pkg.coding.net/repository/tianyin/core/org/apache/maven/resolver/maven-resolver-transport-http/1.4.1/maven-resolver-transport-http-1.4.1.pom
Downloaded from aiban-tianyin-core: https://aiban-maven.pkg.coding.net/repository/tianyin/core/org/apache/maven/resolver/maven-resolver-transport-http/1.4.1/maven-resolver-transport-http-1.4.1.pom (0 B at 0 B/s)
Downloading from aiban-tianyin-core: https://aiban-maven.pkg.coding.net/repository/tianyin/core/org/apache/maven/resolver/maven-resolver-transport-wagon/1.4.1/maven-resolver-transport-wagon-1.4.1.pom
Downloaded from aiban-tianyin-core: https://aiban-maven.pkg.coding.net/repository/tianyin/core/org/apache/maven/resolver/maven-resolver-transport-wagon/1.4.1/maven-resolver-transport-wagon-1.4.1.pom (0 B at 0 B/s)
Downloading from aiban-tianyin-core: https://aiban-maven.pkg.coding.net/repository/tianyin/core/org/apache/maven/wagon/wagon-provider-api/3.0.0/wagon-provider-api-3.0.0.pom
Downloaded from aiban-tianyin-core: https://aiban-maven.pkg.coding.net/repository/tianyin/core/org/apache/maven/wagon/wagon-provider-api/3.0.0/wagon-provider-api-3.0.0.pom (0 B at 0 B/s)
Downloading from aiban-tianyin-core: https://aiban-maven.pkg.coding.net/repository/tianyin/core/org/apache/maven/wagon/wagon/3.0.0/wagon-3.0.0.pom
Downloaded from aiban-tianyin-core: https://aiban-maven.pkg.coding.net/repository/tianyin/core/org/apache/maven/wagon/wagon/3.0.0/wagon-3.0.0.pom (0 B at 0 B/s)
Downloading from aiban-tianyin-core: https://aiban-maven.pkg.coding.net/repository/tianyin/core/org/eclipse/aether/aether-impl/1.0.2.v20150114/aether-impl-1.0.2.v20150114.jar
Downloading from aiban-tianyin-core: https://aiban-maven.pkg.coding.net/repository/tianyin/core/org/eclipse/aether/aether-connector-basic/1.0.2.v20150114/aether-connector-basic-1.0.2.v20150114.jar
Downloading from aiban-tianyin-core: https://aiban-maven.pkg.coding.net/repository/tianyin/core/org/eclipse/aether/aether-util/1.0.2.v20150114/aether-util-1.0.2.v20150114.jar
Downloading from aiban-tianyin-core: https://aiban-maven.pkg.coding.net/repository/tianyin/core/org/eclipse/aether/aether-spi/1.0.2.v20150114/aether-spi-1.0.2.v20150114.jar
Downloading from aiban-tianyin-core: https://aiban-maven.pkg.coding.net/repository/tianyin/core/org/eclipse/aether/aether-api/1.0.2.v20150114/aether-api-1.0.2.v20150114.jar
Progress (1): 2.6 kB
Progress (1): 5.4 kB
Progress (1): 9.5 kB
Progress (1): 12 kB 
Progress (1): 15 kB
Progress (1): 18 kB
Progress (1): 22 kB
Progress (1): 26 kB
Progress (1): 30 kB
Progress (1): 34 kB
Progress (1): 38 kB
Progress (1): 41 kB
Progress (1): 43 kB
Progress (1): 47 kB
Progress (1): 50 kB
Progress (1): 53 kB
Progress (1): 57 kB
Progress (1): 61 kB
Progress (1): 65 kB
Progress (1): 69 kB
Progress (1): 73 kB
Progress (1): 77 kB
Progress (1): 81 kB
Progress (1): 85 kB
Progress (1): 90 kB
Progress (1): 94 kB
Progress (1): 98 kB
Progress (1): 102 kB
Progress (1): 106 kB
Progress (1): 110 kB
Progress (1): 114 kB
Progress (1): 118 kB
Progress (1): 122 kB
Progress (1): 126 kB
Progress (1): 130 kB
Progress (2): 130 kB | 2.6 kB
Progress (2): 130 kB | 6.7 kB
Progress (2): 130 kB | 11 kB 
Progress (2): 135 kB | 11 kB
Progress (2): 139 kB | 11 kB
Progress (2): 143 kB | 11 kB
Progress (2): 147 kB | 11 kB
Progress (2): 151 kB | 11 kB
Progress (2): 155 kB | 11 kB
Progress (2): 159 kB | 11 kB
Progress (2): 163 kB | 11 kB
Progress (2): 167 kB | 11 kB
Progress (2): 171 kB | 11 kB
Progress (2): 173 kB | 11 kB
Progress (3): 173 kB | 11 kB | 4.1 kB
Progress (3): 173 kB | 11 kB | 8.2 kB
Progress (4): 173 kB | 11 kB | 8.2 kB | 4.1 kB
Progress (4): 173 kB | 11 kB | 8.2 kB | 8.2 kB
Progress (4): 173 kB | 11 kB | 8.2 kB | 11 kB 
Progress (4): 173 kB | 14 kB | 8.2 kB | 11 kB
Progress (4): 173 kB | 17 kB | 8.2 kB | 11 kB
Progress (4): 173 kB | 21 kB | 8.2 kB | 11 kB
Progress (4): 173 kB | 25 kB | 8.2 kB | 11 kB
Progress (4): 173 kB | 29 kB | 8.2 kB | 11 kB
Progress (4): 173 kB | 29 kB | 12 kB | 11 kB 
Progress (4): 173 kB | 33 kB | 12 kB | 11 kB
Progress (4): 173 kB | 33 kB | 15 kB | 11 kB
Progress (4): 173 kB | 36 kB | 15 kB | 11 kB
Progress (4): 173 kB | 39 kB | 15 kB | 11 kB
Progress (4): 173 kB | 39 kB | 19 kB | 11 kB
Progress (4): 173 kB | 39 kB | 22 kB | 11 kB
Progress (4): 173 kB | 39 kB | 26 kB | 11 kB
Progress (4): 173 kB | 39 kB | 30 kB | 11 kB
Progress (4): 173 kB | 39 kB | 30 kB | 15 kB
Progress (4): 173 kB | 39 kB | 31 kB | 15 kB
Progress (4): 173 kB | 39 kB | 31 kB | 18 kB
Progress (4): 173 kB | 39 kB | 31 kB | 21 kB
Progress (4): 173 kB | 39 kB | 31 kB | 25 kB
Progress (4): 173 kB | 39 kB | 31 kB | 29 kB
Progress (4): 173 kB | 39 kB | 31 kB | 33 kB
Progress (4): 173 kB | 39 kB | 31 kB | 36 kB
Progress (4): 173 kB | 42 kB | 31 kB | 36 kB
Progress (4): 173 kB | 45 kB | 31 kB | 36 kB
Progress (4): 173 kB | 48 kB | 31 kB | 36 kB
Progress (4): 173 kB | 52 kB | 31 kB | 36 kB
Progress (4): 173 kB | 56 kB | 31 kB | 36 kB
Progress (4): 173 kB | 60 kB | 31 kB | 36 kB
Progress (4): 173 kB | 63 kB | 31 kB | 36 kB
Progress (4): 173 kB | 68 kB | 31 kB | 36 kB
Progress (4): 173 kB | 72 kB | 31 kB | 36 kB
Progress (4): 173 kB | 76 kB | 31 kB | 36 kB
Progress (4): 173 kB | 80 kB | 31 kB | 36 kB
Progress (4): 173 kB | 84 kB | 31 kB | 36 kB
Progress (4): 173 kB | 88 kB | 31 kB | 36 kB
Progress (4): 173 kB | 92 kB | 31 kB | 36 kB
Progress (4): 173 kB | 92 kB | 31 kB | 40 kB
Progress (4): 173 kB | 92 kB | 31 kB | 43 kB
Progress (4): 173 kB | 92 kB | 31 kB | 47 kB
Progress (4): 173 kB | 92 kB | 31 kB | 51 kB
Progress (4): 173 kB | 92 kB | 31 kB | 54 kB
Progress (4): 173 kB | 92 kB | 31 kB | 58 kB
Progress (4): 173 kB | 92 kB | 31 kB | 63 kB
Progress (4): 173 kB | 92 kB | 31 kB | 67 kB
Progress (4): 173 kB | 92 kB | 31 kB | 71 kB
Progress (4): 173 kB | 92 kB | 31 kB | 75 kB
Progress (4): 173 kB | 92 kB | 31 kB | 79 kB
Progress (4): 173 kB | 92 kB | 31 kB | 83 kB
Progress (4): 173 kB | 92 kB | 31 kB | 87 kB
Progress (4): 173 kB | 96 kB | 31 kB | 87 kB
Progress (4): 173 kB | 96 kB | 31 kB | 91 kB
Progress (4): 173 kB | 100 kB | 31 kB | 91 kB
Progress (4): 173 kB | 104 kB | 31 kB | 91 kB
Progress (4): 173 kB | 109 kB | 31 kB | 91 kB
Progress (4): 173 kB | 113 kB | 31 kB | 91 kB
Progress (4): 173 kB | 117 kB | 31 kB | 91 kB
Progress (4): 173 kB | 121 kB | 31 kB | 91 kB
Progress (4): 173 kB | 125 kB | 31 kB | 91 kB
Progress (4): 173 kB | 129 kB | 31 kB | 91 kB
Progress (4): 173 kB | 133 kB | 31 kB | 91 kB
Progress (4): 173 kB | 137 kB | 31 kB | 91 kB
Progress (4): 173 kB | 141 kB | 31 kB | 91 kB
Progress (4): 173 kB | 145 kB | 31 kB | 91 kB
Progress (4): 173 kB | 147 kB | 31 kB | 91 kB
Progress (4): 173 kB | 147 kB | 31 kB | 95 kB
Progress (4): 173 kB | 147 kB | 31 kB | 99 kB
Progress (4): 173 kB | 147 kB | 31 kB | 104 kB
Progress (4): 173 kB | 147 kB | 31 kB | 108 kB
Progress (4): 173 kB | 147 kB | 31 kB | 112 kB
Progress (4): 173 kB | 147 kB | 31 kB | 116 kB
Progress (4): 173 kB | 147 kB | 31 kB | 120 kB
Progress (4): 173 kB | 147 kB | 31 kB | 124 kB
Progress (4): 173 kB | 147 kB | 31 kB | 128 kB
Progress (4): 173 kB | 147 kB | 31 kB | 132 kB
Progress (4): 173 kB | 147 kB | 31 kB | 136 kB
Progress (4): 173 kB | 147 kB | 31 kB | 136 kB
Progress (5): 173 kB | 147 kB | 31 kB | 136 kB | 4.1 kB
Progress (5): 173 kB | 147 kB | 31 kB | 136 kB | 8.2 kB
Progress (5): 173 kB | 147 kB | 31 kB | 136 kB | 11 kB 
Progress (5): 173 kB | 147 kB | 31 kB | 136 kB | 14 kB
Progress (5): 173 kB | 147 kB | 31 kB | 136 kB | 17 kB
Progress (5): 173 kB | 147 kB | 31 kB | 136 kB | 19 kB
Progress (5): 173 kB | 147 kB | 31 kB | 136 kB | 22 kB
Progress (5): 173 kB | 147 kB | 31 kB | 136 kB | 25 kB
Progress (5): 173 kB | 147 kB | 31 kB | 136 kB | 29 kB
Progress (5): 173 kB | 147 kB | 31 kB | 136 kB | 33 kB
Progress (5): 173 kB | 147 kB | 31 kB | 136 kB | 36 kB
Progress (5): 173 kB | 147 kB | 31 kB | 136 kB | 37 kB
                                                      
Downloaded from aiban-tianyin-core: https://aiban-maven.pkg.coding.net/repository/tianyin/core/org/eclipse/aether/aether-impl/1.0.2.v20150114/aether-impl-1.0.2.v20150114.jar (173 kB at 546 kB/s)
Downloading from aiban-tianyin-core: https://aiban-maven.pkg.coding.net/repository/tianyin/core/org/eclipse/aether/aether-transport-file/1.0.2.v20150114/aether-transport-file-1.0.2.v20150114.jar
Downloaded from aiban-tianyin-core: https://aiban-maven.pkg.coding.net/repository/tianyin/core/org/eclipse/aether/aether-spi/1.0.2.v20150114/aether-spi-1.0.2.v20150114.jar (31 kB at 81 kB/s)
Downloading from aiban-tianyin-core: https://aiban-maven.pkg.coding.net/repository/tianyin/core/org/eclipse/aether/aether-transport-http/1.0.2.v20150114/aether-transport-http-1.0.2.v20150114.jar
Downloaded from aiban-tianyin-core: https://aiban-maven.pkg.coding.net/repository/tianyin/core/org/eclipse/aether/aether-api/1.0.2.v20150114/aether-api-1.0.2.v20150114.jar (136 kB at 353 kB/s)
Downloaded from aiban-tianyin-core: https://aiban-maven.pkg.coding.net/repository/tianyin/core/org/eclipse/aether/aether-util/1.0.2.v20150114/aether-util-1.0.2.v20150114.jar (147 kB at 380 kB/s)
Downloading from aiban-tianyin-core: https://aiban-maven.pkg.coding.net/repository/tianyin/core/org/eclipse/aether/aether-transport-wagon/1.0.2.v20150114/aether-transport-wagon-1.0.2.v20150114.jar
Downloading from aiban-tianyin-core: https://aiban-maven.pkg.coding.net/repository/tianyin/core/org/apache/maven/wagon/wagon-provider-api/1.0/wagon-provider-api-1.0.jar
Downloaded from aiban-tianyin-core: https://aiban-maven.pkg.coding.net/repository/tianyin/core/org/eclipse/aether/aether-connector-basic/1.0.2.v20150114/aether-connector-basic-1.0.2.v20150114.jar (37 kB at 80 kB/s)
Downloading from aiban-tianyin-core: https://aiban-maven.pkg.coding.net/repository/tianyin/core/org/apache/maven/maven-aether-provider/3.3.9/maven-aether-provider-3.3.9.jar
Progress (1): 4.0 kB
Progress (1): 8.1 kB
Progress (1): 8.9 kB
Progress (2): 8.9 kB | 4.1 kB
Progress (2): 8.9 kB | 8.2 kB
Progress (2): 8.9 kB | 11 kB 
Progress (2): 8.9 kB | 15 kB
Progress (2): 8.9 kB | 19 kB
Progress (2): 8.9 kB | 23 kB
Progress (2): 8.9 kB | 27 kB
Progress (2): 8.9 kB | 31 kB
Progress (2): 8.9 kB | 36 kB
Progress (2): 8.9 kB | 39 kB
Progress (2): 8.9 kB | 43 kB
Progress (2): 8.9 kB | 47 kB
Progress (2): 8.9 kB | 50 kB
Progress (2): 8.9 kB | 53 kB
Progress (2): 8.9 kB | 53 kB
Progress (3): 8.9 kB | 53 kB | 2.6 kB
Progress (3): 8.9 kB | 53 kB | 6.7 kB
Progress (3): 8.9 kB | 53 kB | 11 kB 
Progress (3): 8.9 kB | 53 kB | 14 kB
Progress (3): 8.9 kB | 53 kB | 17 kB
Progress (3): 8.9 kB | 53 kB | 21 kB
Progress (3): 8.9 kB | 53 kB | 25 kB
Progress (3): 8.9 kB | 53 kB | 25 kB
Progress (4): 8.9 kB | 53 kB | 25 kB | 4.0 kB
Progress (4): 8.9 kB | 53 kB | 25 kB | 8.1 kB
Progress (4): 8.9 kB | 53 kB | 25 kB | 12 kB 
Progress (4): 8.9 kB | 53 kB | 25 kB | 16 kB
Progress (4): 8.9 kB | 53 kB | 25 kB | 19 kB
Progress (4): 8.9 kB | 53 kB | 25 kB | 22 kB
Progress (4): 8.9 kB | 53 kB | 25 kB | 26 kB
Progress (4): 8.9 kB | 53 kB | 25 kB | 30 kB
Progress (4): 8.9 kB | 53 kB | 25 kB | 34 kB
Progress (4): 8.9 kB | 53 kB | 25 kB | 38 kB
Progress (4): 8.9 kB | 53 kB | 25 kB | 42 kB
Progress (4): 8.9 kB | 53 kB | 25 kB | 46 kB
Progress (4): 8.9 kB | 53 kB | 25 kB | 49 kB
Progress (4): 8.9 kB | 53 kB | 25 kB | 51 kB
Progress (4): 8.9 kB | 53 kB | 25 kB | 55 kB
Progress (4): 8.9 kB | 53 kB | 25 kB | 57 kB
Progress (4): 8.9 kB | 53 kB | 25 kB | 61 kB
Progress (4): 8.9 kB | 53 kB | 25 kB | 65 kB
Progress (5): 8.9 kB | 53 kB | 25 kB | 65 kB | 4.1 kB
Progress (5): 8.9 kB | 53 kB | 25 kB | 67 kB | 4.1 kB
Progress (5): 8.9 kB | 53 kB | 25 kB | 67 kB | 8.2 kB
Progress (5): 8.9 kB | 53 kB | 25 kB | 67 kB | 12 kB 
Progress (5): 8.9 kB | 53 kB | 25 kB | 67 kB | 15 kB
Progress (5): 8.9 kB | 53 kB | 25 kB | 67 kB | 18 kB
Progress (5): 8.9 kB | 53 kB | 25 kB | 67 kB | 21 kB
Progress (5): 8.9 kB | 53 kB | 25 kB | 67 kB | 25 kB
Progress (5): 8.9 kB | 53 kB | 25 kB | 67 kB | 29 kB
Progress (5): 8.9 kB | 53 kB | 25 kB | 67 kB | 33 kB
Progress (5): 8.9 kB | 53 kB | 25 kB | 67 kB | 36 kB
                                                    
Downloaded from aiban-tianyin-core: https://aiban-maven.pkg.coding.net/repository/tianyin/core/org/apache/maven/wagon/wagon-provider-api/1.0/wagon-provider-api-1.0.jar (53 kB at 77 kB/s)
Downloading from aiban-tianyin-core: https://aiban-maven.pkg.coding.net/repository/tianyin/core/org/apache/maven/maven-model/3.3.9/maven-model-3.3.9.jar
Downloaded from aiban-tianyin-core: https://aiban-maven.pkg.coding.net/repository/tianyin/core/org/eclipse/aether/aether-transport-file/1.0.2.v20150114/aether-transport-file-1.0.2.v20150114.jar (8.9 kB at 13 kB/s)
Downloading from aiban-tianyin-core: https://aiban-maven.pkg.coding.net/repository/tianyin/core/org/apache/maven/maven-model-builder/3.3.9/maven-model-builder-3.3.9.jar
Downloaded from aiban-tianyin-core: https://aiban-maven.pkg.coding.net/repository/tianyin/core/org/apache/maven/maven-aether-provider/3.3.9/maven-aether-provider-3.3.9.jar (67 kB at 86 kB/s)
Downloaded from aiban-tianyin-core: https://aiban-maven.pkg.coding.net/repository/tianyin/core/org/eclipse/aether/aether-transport-wagon/1.0.2.v20150114/aether-transport-wagon-1.0.2.v20150114.jar (25 kB at 33 kB/s)
Downloading from aiban-tianyin-core: https://aiban-maven.pkg.coding.net/repository/tianyin/core/org/apache/maven/maven-artifact/3.3.9/maven-artifact-3.3.9.jar
Downloading from aiban-tianyin-core: https://aiban-maven.pkg.coding.net/repository/tianyin/core/org/apache/maven/maven-builder-support/3.3.9/maven-builder-support-3.3.9.jar
Downloaded from aiban-tianyin-core: https://aiban-maven.pkg.coding.net/repository/tianyin/core/org/eclipse/aether/aether-transport-http/1.0.2.v20150114/aether-transport-http-1.0.2.v20150114.jar (36 kB at 45 kB/s)
Downloading from aiban-tianyin-core: https://aiban-maven.pkg.coding.net/repository/tianyin/core/com/google/guava/guava/18.0/guava-18.0.jar
Progress (1): 4.0 kB
Progress (1): 8.1 kB
Progress (1): 11 kB 
Progress (1): 14 kB
Progress (1): 17 kB
Progress (1): 21 kB
Progress (1): 24 kB
Progress (1): 28 kB
Progress (1): 32 kB
Progress (1): 36 kB
Progress (1): 40 kB
Progress (1): 43 kB
Progress (1): 46 kB
Progress (1): 50 kB
Progress (1): 54 kB
Progress (1): 58 kB
Progress (1): 63 kB
Progress (1): 65 kB
Progress (1): 69 kB
Progress (1): 72 kB
Progress (1): 75 kB
Progress (1): 78 kB
Progress (1): 80 kB
Progress (1): 84 kB
Progress (1): 89 kB
Progress (1): 93 kB
Progress (1): 96 kB
Progress (1): 99 kB
Progress (1): 103 kB
Progress (1): 106 kB
Progress (2): 106 kB | 2.6 kB
Progress (2): 106 kB | 6.7 kB
Progress (2): 106 kB | 11 kB 
Progress (2): 106 kB | 14 kB
Progress (2): 109 kB | 14 kB
Progress (2): 113 kB | 14 kB
Progress (2): 117 kB | 14 kB
Progress (2): 121 kB | 14 kB
Progress (2): 125 kB | 14 kB
Progress (2): 129 kB | 14 kB
Progress (2): 129 kB | 18 kB
Progress (2): 129 kB | 21 kB
Progress (2): 129 kB | 25 kB
Progress (2): 129 kB | 29 kB
Progress (2): 129 kB | 32 kB
Progress (2): 129 kB | 35 kB
Progress (2): 129 kB | 38 kB
Progress (2): 129 kB | 40 kB
Progress (2): 129 kB | 44 kB
Progress (2): 129 kB | 49 kB
Progress (2): 133 kB | 49 kB
Progress (2): 133 kB | 53 kB
Progress (2): 133 kB | 57 kB
Progress (2): 133 kB | 60 kB
Progress (2): 137 kB | 60 kB
Progress (2): 137 kB | 63 kB
Progress (2): 142 kB | 63 kB
Progress (2): 146 kB | 63 kB
Progress (2): 150 kB | 63 kB
Progress (2): 154 kB | 63 kB
Progress (2): 154 kB | 66 kB
Progress (2): 158 kB | 66 kB
Progress (2): 158 kB | 69 kB
Progress (2): 162 kB | 69 kB
Progress (2): 162 kB | 71 kB
Progress (2): 164 kB | 71 kB
Progress (2): 164 kB | 74 kB
Progress (2): 164 kB | 78 kB
Progress (2): 164 kB | 82 kB
Progress (2): 164 kB | 86 kB
Progress (2): 164 kB | 90 kB
Progress (2): 164 kB | 94 kB
Progress (2): 164 kB | 96 kB
Progress (2): 164 kB | 101 kB
Progress (2): 164 kB | 105 kB
Progress (2): 164 kB | 109 kB
Progress (2): 164 kB | 113 kB
Progress (2): 164 kB | 117 kB
Progress (2): 164 kB | 119 kB
Progress (2): 164 kB | 123 kB
Progress (2): 164 kB | 126 kB
Progress (2): 164 kB | 130 kB
Progress (2): 164 kB | 133 kB
Progress (2): 164 kB | 136 kB
Progress (2): 164 kB | 139 kB
Progress (2): 164 kB | 144 kB
Progress (2): 164 kB | 148 kB
Progress (2): 164 kB | 152 kB
Progress (2): 164 kB | 156 kB
Progress (2): 164 kB | 160 kB
Progress (2): 164 kB | 164 kB
Progress (2): 164 kB | 168 kB
Progress (2): 164 kB | 172 kB
Progress (2): 164 kB | 176 kB
Progress (2): 164 kB | 177 kB
Progress (3): 164 kB | 177 kB | 3.9 kB
Progress (4): 164 kB | 177 kB | 3.9 kB | 4.0 kB
Progress (4): 164 kB | 177 kB | 8.0 kB | 4.0 kB
Progress (4): 164 kB | 177 kB | 8.0 kB | 8.1 kB
Progress (4): 164 kB | 177 kB | 12 kB | 8.1 kB 
Progress (4): 164 kB | 177 kB | 12 kB | 12 kB 
Progress (4): 164 kB | 177 kB | 15 kB | 12 kB
Progress (4): 164 kB | 177 kB | 15 kB | 16 kB
Progress (4): 164 kB | 177 kB | 15 kB | 20 kB
Progress (4): 164 kB | 177 kB | 15 kB | 24 kB
Progress (4): 164 kB | 177 kB | 15 kB | 29 kB
Progress (4): 164 kB | 177 kB | 15 kB | 33 kB
Progress (4): 164 kB | 177 kB | 15 kB | 36 kB
Progress (4): 164 kB | 177 kB | 15 kB | 41 kB
Progress (4): 164 kB | 177 kB | 15 kB | 45 kB
Progress (4): 164 kB | 177 kB | 15 kB | 49 kB
Progress (4): 164 kB | 177 kB | 15 kB | 51 kB
Progress (4): 164 kB | 177 kB | 15 kB | 55 kB
                                             
Downloaded from aiban-tianyin-core: https://aiban-maven.pkg.coding.net/repository/tianyin/core/org/apache/maven/maven-model/3.3.9/maven-model-3.3.9.jar (164 kB at 166 kB/s)
Downloading from aiban-tianyin-core: https://aiban-maven.pkg.coding.net/repository/tianyin/core/org/apache/maven/maven-repository-metadata/3.3.9/maven-repository-metadata-3.3.9.jar
Downloaded from aiban-tianyin-core: https://aiban-maven.pkg.coding.net/repository/tianyin/core/org/apache/maven/maven-model-builder/3.3.9/maven-model-builder-3.3.9.jar (177 kB at 178 kB/s)
Downloading from aiban-tianyin-core: https://aiban-maven.pkg.coding.net/repository/tianyin/core/org/codehaus/plexus/plexus-utils/3.0.22/plexus-utils-3.0.22.jar
Downloaded from aiban-tianyin-core: https://aiban-maven.pkg.coding.net/repository/tianyin/core/org/apache/maven/maven-artifact/3.3.9/maven-artifact-3.3.9.jar (55 kB at 53 kB/s)
Downloaded from aiban-tianyin-core: https://aiban-maven.pkg.coding.net/repository/tianyin/core/org/apache/maven/maven-builder-support/3.3.9/maven-builder-support-3.3.9.jar (15 kB at 14 kB/s)
Downloading from aiban-tianyin-core: https://aiban-maven.pkg.coding.net/repository/tianyin/core/commons-net/commons-net/3.6/commons-net-3.6.jar
Downloading from aiban-tianyin-core: https://aiban-maven.pkg.coding.net/repository/tianyin/core/org/apache/maven/wagon/wagon-ftp/3.3.2/wagon-ftp-3.3.2.jar
Progress (1): 4.0 kB
Progress (1): 8.1 kB
Progress (1): 11 kB 
Progress (1): 14 kB
Progress (1): 17 kB
Progress (1): 21 kB
Progress (1): 25 kB
                   
Downloaded from aiban-tianyin-core: https://aiban-maven.pkg.coding.net/repository/tianyin/core/com/google/guava/guava/18.0/guava-18.0.jar (0 B at 0 B/s)
Progress (1): 27 kB
                   
Downloaded from aiban-tianyin-core: https://aiban-maven.pkg.coding.net/repository/tianyin/core/org/codehaus/plexus/plexus-utils/3.0.22/plexus-utils-3.0.22.jar (0 B at 0 B/s)
Downloading from aiban-tianyin-core: https://aiban-maven.pkg.coding.net/repository/tianyin/core/org/apache/maven/wagon/wagon-http/3.3.2/wagon-http-3.3.2.jar
Downloading from aiban-tianyin-core: https://aiban-maven.pkg.coding.net/repository/tianyin/core/org/apache/maven/wagon/wagon-http-shared/3.3.2/wagon-http-shared-3.3.2.jar
Downloaded from aiban-tianyin-core: https://aiban-maven.pkg.coding.net/repository/tianyin/core/org/apache/maven/maven-repository-metadata/3.3.9/maven-repository-metadata-3.3.9.jar (27 kB at 21 kB/s)
Downloading from aiban-tianyin-core: https://aiban-maven.pkg.coding.net/repository/tianyin/core/org/jsoup/jsoup/1.11.3/jsoup-1.11.3.jar
Progress (1): 2.6 kB
Progress (1): 6.7 kB
Progress (1): 11 kB 
Progress (1): 14 kB
Progress (1): 18 kB
Progress (1): 22 kB
Progress (1): 26 kB
Progress (1): 30 kB
Progress (1): 33 kB
Progress (1): 37 kB
Progress (1): 42 kB
Progress (1): 45 kB
Progress (1): 49 kB
Progress (1): 51 kB
Progress (1): 56 kB
Progress (1): 59 kB
Progress (1): 63 kB
Progress (1): 67 kB
Progress (1): 70 kB
Progress (1): 74 kB
Progress (1): 78 kB
Progress (1): 81 kB
Progress (1): 84 kB
Progress (1): 87 kB
Progress (1): 91 kB
Progress (1): 95 kB
Progress (1): 99 kB
Progress (1): 102 kB
Progress (1): 105 kB
Progress (1): 108 kB
Progress (1): 110 kB
Progress (1): 113 kB
Progress (1): 116 kB
Progress (1): 119 kB
Progress (1): 122 kB
Progress (1): 126 kB
Progress (1): 129 kB
Progress (1): 132 kB
Progress (1): 136 kB
Progress (1): 140 kB
Progress (1): 144 kB
Progress (1): 148 kB
Progress (1): 152 kB
Progress (1): 156 kB
Progress (1): 161 kB
Progress (1): 165 kB
Progress (1): 169 kB
Progress (1): 173 kB
Progress (1): 177 kB
Progress (1): 181 kB
Progress (1): 185 kB
Progress (1): 189 kB
Progress (1): 193 kB
Progress (1): 197 kB
Progress (1): 201 kB
Progress (1): 206 kB
Progress (1): 210 kB
Progress (1): 214 kB
Progress (1): 218 kB
Progress (1): 222 kB
Progress (1): 226 kB
Progress (1): 230 kB
Progress (1): 234 kB
Progress (1): 238 kB
Progress (1): 242 kB
Progress (1): 247 kB
Progress (1): 251 kB
Progress (1): 255 kB
Progress (1): 259 kB
Progress (1): 263 kB
Progress (1): 267 kB
Progress (1): 271 kB
Progress (1): 275 kB
Progress (1): 279 kB
Progress (1): 283 kB
Progress (1): 287 kB
Progress (1): 292 kB
Progress (1): 296 kB
Progress (1): 300 kB
Progress (1): 304 kB
Progress (1): 307 kB
Progress (2): 307 kB | 4.1 kB
Progress (2): 307 kB | 8.2 kB
Progress (2): 307 kB | 11 kB 
Progress (2): 307 kB | 14 kB
Progress (2): 307 kB | 16 kB
Progress (2): 307 kB | 19 kB
Progress (2): 307 kB | 23 kB
Progress (2): 307 kB | 27 kB
Progress (2): 307 kB | 32 kB
Progress (2): 307 kB | 36 kB
Progress (2): 307 kB | 38 kB
Progress (2): 307 kB | 42 kB
Progress (2): 307 kB | 46 kB
Progress (2): 307 kB | 50 kB
Progress (2): 307 kB | 53 kB
Progress (2): 307 kB | 57 kB
Progress (2): 307 kB | 60 kB
Progress (2): 307 kB | 64 kB
Progress (2): 307 kB | 68 kB
Progress (2): 307 kB | 72 kB
Progress (2): 307 kB | 75 kB
Progress (2): 307 kB | 79 kB
Progress (2): 307 kB | 82 kB
Progress (2): 307 kB | 87 kB
Progress (2): 307 kB | 90 kB
Progress (2): 307 kB | 92 kB
Progress (2): 307 kB | 95 kB
Progress (2): 307 kB | 99 kB
Progress (2): 307 kB | 102 kB
Progress (2): 307 kB | 106 kB
                             
Downloaded from aiban-tianyin-core: https://aiban-maven.pkg.coding.net/repository/tianyin/core/commons-net/commons-net/3.6/commons-net-3.6.jar (307 kB at 201 kB/s)
Progress (1): 110 kB
                    
Downloading from aiban-tianyin-core: https://aiban-maven.pkg.coding.net/repository/tianyin/core/org/apache/maven/wagon/wagon-ssh/3.3.2/wagon-ssh-3.3.2.jar
Progress (1): 114 kB
Progress (1): 119 kB
Progress (1): 122 kB
Progress (1): 125 kB
Progress (1): 127 kB
Progress (1): 131 kB
Progress (1): 136 kB
Progress (1): 140 kB
Progress (1): 144 kB
Progress (1): 147 kB
Progress (1): 151 kB
Progress (1): 154 kB
Progress (1): 157 kB
Progress (1): 160 kB
Progress (1): 164 kB
Progress (1): 167 kB
Progress (1): 171 kB
Progress (1): 174 kB
Progress (1): 177 kB
Progress (1): 179 kB
Progress (1): 182 kB
Progress (1): 185 kB
Progress (1): 188 kB
Progress (1): 190 kB
Progress (1): 195 kB
Progress (1): 199 kB
Progress (1): 203 kB
Progress (1): 207 kB
Progress (1): 210 kB
Progress (1): 213 kB
Progress (1): 216 kB
Progress (1): 220 kB
Progress (1): 224 kB
Progress (1): 227 kB
Progress (1): 231 kB
Progress (1): 235 kB
Progress (1): 238 kB
Progress (1): 242 kB
Progress (1): 245 kB
Progress (1): 248 kB
Progress (1): 251 kB
Progress (1): 255 kB
Progress (1): 258 kB
Progress (1): 262 kB
Progress (1): 265 kB
Progress (1): 269 kB
Progress (1): 273 kB
Progress (1): 277 kB
Progress (1): 281 kB
Progress (1): 285 kB
Progress (1): 289 kB
Progress (1): 293 kB
Progress (1): 296 kB
Progress (1): 298 kB
Progress (1): 302 kB
Progress (1): 307 kB
Progress (1): 311 kB
Progress (1): 315 kB
Progress (1): 319 kB
Progress (1): 321 kB
Progress (1): 325 kB
Progress (1): 329 kB
Progress (1): 332 kB
Progress (1): 335 kB
Progress (1): 338 kB
Progress (1): 342 kB
Progress (1): 345 kB
Progress (1): 349 kB
Progress (1): 353 kB
Progress (1): 357 kB
Progress (1): 361 kB
Progress (1): 363 kB
Progress (1): 366 kB
Progress (1): 370 kB
Progress (1): 374 kB
Progress (1): 378 kB
Progress (1): 382 kB
Progress (1): 386 kB
Progress (1): 390 kB
Progress (1): 394 kB
Progress (1): 396 kB
Progress (2): 396 kB | 4.1 kB
Progress (2): 396 kB | 8.2 kB
Progress (2): 396 kB | 11 kB 
Progress (2): 396 kB | 11 kB
Progress (3): 396 kB | 11 kB | 4.1 kB
Progress (3): 396 kB | 11 kB | 8.2 kB
Progress (3): 396 kB | 11 kB | 11 kB 
Progress (3): 396 kB | 11 kB | 14 kB
Progress (3): 396 kB | 11 kB | 17 kB
Progress (3): 396 kB | 11 kB | 19 kB
Progress (4): 396 kB | 11 kB | 19 kB | 2.6 kB
Progress (4): 396 kB | 11 kB | 19 kB | 5.3 kB
Progress (4): 396 kB | 11 kB | 19 kB | 9.4 kB
Progress (4): 396 kB | 11 kB | 19 kB | 12 kB 
Progress (4): 396 kB | 11 kB | 19 kB | 16 kB
Progress (4): 396 kB | 11 kB | 19 kB | 19 kB
Progress (4): 396 kB | 11 kB | 19 kB | 22 kB
Progress (4): 396 kB | 11 kB | 19 kB | 26 kB
Progress (4): 396 kB | 11 kB | 19 kB | 30 kB
Progress (4): 396 kB | 11 kB | 19 kB | 33 kB
Progress (4): 396 kB | 11 kB | 19 kB | 36 kB
Progress (4): 396 kB | 11 kB | 19 kB | 38 kB
                                            
Downloaded from aiban-tianyin-core: https://aiban-maven.pkg.coding.net/repository/tianyin/core/org/jsoup/jsoup/1.11.3/jsoup-1.11.3.jar (396 kB at 236 kB/s)
Downloading from aiban-tianyin-core: https://aiban-maven.pkg.coding.net/repository/tianyin/core/com/jcraft/jsch/0.1.55/jsch-0.1.55.jar
Progress (4): 11 kB | 19 kB | 38 kB | 3.8 kB
Progress (4): 11 kB | 19 kB | 38 kB | 7.9 kB
Progress (4): 11 kB | 19 kB | 38 kB | 12 kB 
Progress (4): 11 kB | 19 kB | 38 kB | 16 kB
Progress (4): 11 kB | 19 kB | 38 kB | 20 kB
Progress (4): 11 kB | 19 kB | 38 kB | 24 kB
Progress (4): 11 kB | 19 kB | 38 kB | 28 kB
Progress (4): 11 kB | 19 kB | 38 kB | 32 kB
                                           
Downloaded from aiban-tianyin-core: https://aiban-maven.pkg.coding.net/repository/tianyin/core/com/jcraft/jsch/0.1.55/jsch-0.1.55.jar (0 B at 0 B/s)
Downloading from aiban-tianyin-core: https://aiban-maven.pkg.coding.net/repository/tianyin/core/com/jcraft/jsch.agentproxy.connector-factory/0.0.9/jsch.agentproxy.connector-factory-0.0.9.jar
Downloaded from aiban-tianyin-core: https://aiban-maven.pkg.coding.net/repository/tianyin/core/org/apache/maven/wagon/wagon-ftp/3.3.2/wagon-ftp-3.3.2.jar (19 kB at 9.5 kB/s)
Downloading from aiban-tianyin-core: https://aiban-maven.pkg.coding.net/repository/tianyin/core/com/jcraft/jsch.agentproxy.core/0.0.9/jsch.agentproxy.core-0.0.9.jar
Downloaded from aiban-tianyin-core: https://aiban-maven.pkg.coding.net/repository/tianyin/core/org/apache/maven/wagon/wagon-http/3.3.2/wagon-http-3.3.2.jar (11 kB at 5.7 kB/s)
Downloading from aiban-tianyin-core: https://aiban-maven.pkg.coding.net/repository/tianyin/core/com/jcraft/jsch.agentproxy.usocket-jna/0.0.9/jsch.agentproxy.usocket-jna-0.0.9.jar
Downloaded from aiban-tianyin-core: https://aiban-maven.pkg.coding.net/repository/tianyin/core/com/jcraft/jsch.agentproxy.connector-factory/0.0.9/jsch.agentproxy.connector-factory-0.0.9.jar (0 B at 0 B/s)
Downloading from aiban-tianyin-core: https://aiban-maven.pkg.coding.net/repository/tianyin/core/net/java/dev/jna/jna/4.1.0/jna-4.1.0.jar
Downloaded from aiban-tianyin-core: https://aiban-maven.pkg.coding.net/repository/tianyin/core/org/apache/maven/wagon/wagon-http-shared/3.3.2/wagon-http-shared-3.3.2.jar (38 kB at 19 kB/s)
Downloading from aiban-tianyin-core: https://aiban-maven.pkg.coding.net/repository/tianyin/core/com/jcraft/jsch.agentproxy.usocket-nc/0.0.9/jsch.agentproxy.usocket-nc-0.0.9.jar
Downloaded from aiban-tianyin-core: https://aiban-maven.pkg.coding.net/repository/tianyin/core/org/apache/maven/wagon/wagon-ssh/3.3.2/wagon-ssh-3.3.2.jar (32 kB at 15 kB/s)
Downloading from aiban-tianyin-core: https://aiban-maven.pkg.coding.net/repository/tianyin/core/com/jcraft/jsch.agentproxy.sshagent/0.0.9/jsch.agentproxy.sshagent-0.0.9.jar
Downloaded from aiban-tianyin-core: https://aiban-maven.pkg.coding.net/repository/tianyin/core/com/jcraft/jsch.agentproxy.usocket-jna/0.0.9/jsch.agentproxy.usocket-jna-0.0.9.jar (0 B at 0 B/s)
Downloading from aiban-tianyin-core: https://aiban-maven.pkg.coding.net/repository/tianyin/core/com/jcraft/jsch.agentproxy.pageant/0.0.9/jsch.agentproxy.pageant-0.0.9.jar
Downloaded from aiban-tianyin-core: https://aiban-maven.pkg.coding.net/repository/tianyin/core/com/jcraft/jsch.agentproxy.usocket-nc/0.0.9/jsch.agentproxy.usocket-nc-0.0.9.jar (0 B at 0 B/s)
Downloading from aiban-tianyin-core: https://aiban-maven.pkg.coding.net/repository/tianyin/core/com/jcraft/jsch.agentproxy.jsch/0.0.9/jsch.agentproxy.jsch-0.0.9.jar
Downloaded from aiban-tianyin-core: https://aiban-maven.pkg.coding.net/repository/tianyin/core/com/jcraft/jsch.agentproxy.core/0.0.9/jsch.agentproxy.core-0.0.9.jar (0 B at 0 B/s)
Downloading from aiban-tianyin-core: https://aiban-maven.pkg.coding.net/repository/tianyin/core/org/codehaus/plexus/plexus-interactivity-api/1.0-alpha-6/plexus-interactivity-api-1.0-alpha-6.jar
Downloaded from aiban-tianyin-core: https://aiban-maven.pkg.coding.net/repository/tianyin/core/com/jcraft/jsch.agentproxy.sshagent/0.0.9/jsch.agentproxy.sshagent-0.0.9.jar (0 B at 0 B/s)
Downloading from aiban-tianyin-core: https://aiban-maven.pkg.coding.net/repository/tianyin/core/org/codehaus/plexus/plexus-component-api/1.0-alpha-16/plexus-component-api-1.0-alpha-16.jar
Progress (1): 4.1 kB
Progress (1): 6.9 kB
Progress (1): 11 kB 
Progress (1): 14 kB
Progress (1): 18 kB
Progress (1): 22 kB
Progress (1): 25 kB
Progress (1): 29 kB
Progress (1): 33 kB
Progress (1): 37 kB
Progress (1): 40 kB
Progress (1): 45 kB
Progress (1): 49 kB
Progress (1): 52 kB
Progress (1): 56 kB
Progress (1): 59 kB
Progress (1): 62 kB
Progress (1): 66 kB
Progress (1): 69 kB
Progress (1): 73 kB
Progress (1): 77 kB
Progress (1): 81 kB
Progress (1): 86 kB
Progress (1): 90 kB
Progress (1): 94 kB
Progress (1): 96 kB
Progress (1): 99 kB
Progress (1): 103 kB
Progress (1): 107 kB
Progress (1): 110 kB
Progress (1): 115 kB
Progress (1): 118 kB
Progress (1): 120 kB
Progress (1): 124 kB
Progress (1): 128 kB
Progress (1): 130 kB
Progress (1): 134 kB
Progress (1): 137 kB
Progress (1): 140 kB
Progress (1): 144 kB
Progress (1): 148 kB
Progress (1): 152 kB
Progress (1): 155 kB
Progress (1): 157 kB
Progress (1): 160 kB
Progress (1): 163 kB
Progress (1): 166 kB
Progress (1): 170 kB
                    
Downloaded from aiban-tianyin-core: https://aiban-maven.pkg.coding.net/repository/tianyin/core/org/codehaus/plexus/plexus-interactivity-api/1.0-alpha-6/plexus-interactivity-api-1.0-alpha-6.jar (0 B at 0 B/s)
Downloading from aiban-tianyin-core: https://aiban-maven.pkg.coding.net/repository/tianyin/core/org/codehaus/plexus/plexus-classworlds/1.2-alpha-7/plexus-classworlds-1.2-alpha-7.jar
Progress (1): 173 kB
Progress (1): 176 kB
Progress (1): 180 kB
Progress (1): 184 kB
Progress (1): 187 kB
Progress (1): 190 kB
Progress (1): 193 kB
Progress (1): 196 kB
Progress (1): 199 kB
Progress (1): 203 kB
Progress (1): 207 kB
Progress (1): 211 kB
Progress (1): 215 kB
Progress (1): 217 kB
Progress (1): 221 kB
Progress (1): 224 kB
Progress (1): 227 kB
Progress (1): 230 kB
Progress (1): 233 kB
Progress (1): 236 kB
Progress (1): 239 kB
Progress (1): 243 kB
Progress (1): 247 kB
Progress (1): 251 kB
Progress (1): 255 kB
Progress (1): 258 kB
Progress (1): 261 kB
Progress (1): 265 kB
Progress (1): 269 kB
Progress (1): 273 kB
Progress (1): 276 kB
Progress (1): 279 kB
Progress (1): 282 kB
Progress (1): 285 kB
Progress (1): 288 kB
Progress (1): 292 kB
Progress (1): 295 kB
Progress (1): 298 kB
Progress (1): 301 kB
Progress (1): 303 kB
Progress (1): 306 kB
Progress (1): 309 kB
Progress (1): 313 kB
Progress (1): 317 kB
Progress (1): 321 kB
Progress (1): 323 kB
Progress (1): 327 kB
Progress (1): 332 kB
Progress (1): 336 kB
Progress (1): 340 kB
Progress (1): 342 kB
                    
Downloaded from aiban-tianyin-core: https://aiban-maven.pkg.coding.net/repository/tianyin/core/com/jcraft/jsch.agentproxy.pageant/0.0.9/jsch.agentproxy.pageant-0.0.9.jar (0 B at 0 B/s)
Progress (1): 346 kB
                    
Downloading from aiban-tianyin-core: https://aiban-maven.pkg.coding.net/repository/tianyin/core/org/apache/maven/wagon/wagon-ssh-common/3.3.2/wagon-ssh-common-3.3.2.jar
Progress (1): 349 kB
Progress (1): 353 kB
Progress (1): 357 kB
Progress (1): 361 kB
Progress (1): 365 kB
Progress (1): 368 kB
Progress (1): 372 kB
Progress (1): 375 kB
Progress (1): 379 kB
Progress (1): 383 kB
Progress (1): 387 kB
Progress (1): 391 kB
Progress (1): 395 kB
Progress (1): 399 kB
Progress (1): 403 kB
Progress (1): 407 kB
Progress (1): 411 kB
Progress (1): 416 kB
Progress (1): 420 kB
Progress (1): 424 kB
Progress (1): 428 kB
Progress (1): 432 kB
Progress (1): 436 kB
Progress (1): 440 kB
Progress (1): 444 kB
Progress (1): 448 kB
Progress (1): 452 kB
Progress (1): 457 kB
Progress (1): 461 kB
Progress (1): 465 kB
Progress (1): 469 kB
Progress (1): 473 kB
Progress (1): 477 kB
Progress (1): 481 kB
Progress (1): 485 kB
Progress (1): 489 kB
Progress (1): 493 kB
Progress (1): 498 kB
Progress (1): 502 kB
Progress (1): 506 kB
Progress (1): 510 kB
Progress (1): 514 kB
Progress (1): 518 kB
Progress (1): 522 kB
Progress (1): 526 kB
Progress (1): 530 kB
Progress (1): 534 kB
Progress (1): 538 kB
Progress (1): 543 kB
Progress (1): 547 kB
Progress (1): 551 kB
Progress (1): 555 kB
Progress (1): 559 kB
Progress (1): 563 kB
Progress (1): 567 kB
Progress (1): 571 kB
Progress (1): 575 kB
Progress (1): 579 kB
Progress (1): 584 kB
Progress (1): 588 kB
Progress (1): 592 kB
Progress (1): 596 kB
Progress (1): 600 kB
Progress (1): 604 kB
Progress (1): 608 kB
Progress (1): 612 kB
Progress (1): 616 kB
Progress (1): 620 kB
Progress (1): 624 kB
Progress (1): 629 kB
Progress (1): 633 kB
Progress (1): 637 kB
Progress (1): 641 kB
Progress (1): 645 kB
Progress (1): 649 kB
Progress (1): 653 kB
Progress (1): 657 kB
Progress (1): 661 kB
Progress (1): 665 kB
Progress (1): 670 kB
Progress (1): 674 kB
Progress (1): 678 kB
Progress (1): 682 kB
Progress (1): 686 kB
Progress (1): 690 kB
Progress (1): 694 kB
Progress (1): 698 kB
Progress (1): 702 kB
Progress (1): 706 kB
Progress (1): 711 kB
Progress (1): 715 kB
Progress (1): 719 kB
Progress (1): 723 kB
Progress (1): 727 kB
Progress (1): 731 kB
Progress (1): 735 kB
Progress (1): 739 kB
Progress (1): 743 kB
Progress (1): 747 kB
Progress (2): 747 kB | 2.6 kB
Progress (3): 747 kB | 2.6 kB | 2.6 kB
Progress (3): 747 kB | 5.4 kB | 2.6 kB
Progress (3): 747 kB | 9.5 kB | 2.6 kB
Progress (3): 747 kB | 9.5 kB | 4.4 kB
Progress (3): 747 kB | 12 kB | 4.4 kB 
Progress (3): 747 kB | 15 kB | 4.4 kB
Progress (3): 747 kB | 18 kB | 4.4 kB
Progress (3): 747 kB | 22 kB | 4.4 kB
Progress (3): 747 kB | 26 kB | 4.4 kB
Progress (3): 751 kB | 26 kB | 4.4 kB
Progress (3): 751 kB | 30 kB | 4.4 kB
Progress (3): 756 kB | 30 kB | 4.4 kB
Progress (3): 756 kB | 33 kB | 4.4 kB
Progress (3): 760 kB | 33 kB | 4.4 kB
Progress (3): 764 kB | 33 kB | 4.4 kB
Progress (3): 768 kB | 33 kB | 4.4 kB
Progress (3): 772 kB | 33 kB | 4.4 kB
Progress (3): 776 kB | 33 kB | 4.4 kB
Progress (3): 780 kB | 33 kB | 4.4 kB
Progress (3): 784 kB | 33 kB | 4.4 kB
Progress (3): 788 kB | 33 kB | 4.4 kB
Progress (3): 792 kB | 33 kB | 4.4 kB
Progress (3): 797 kB | 33 kB | 4.4 kB
Progress (3): 801 kB | 33 kB | 4.4 kB
Progress (3): 805 kB | 33 kB | 4.4 kB
Progress (3): 809 kB | 33 kB | 4.4 kB
Progress (3): 813 kB | 33 kB | 4.4 kB
Progress (3): 817 kB | 33 kB | 4.4 kB
Progress (3): 821 kB | 33 kB | 4.4 kB
Progress (3): 825 kB | 33 kB | 4.4 kB
Progress (3): 829 kB | 33 kB | 4.4 kB
Progress (3): 833 kB | 33 kB | 4.4 kB
Progress (3): 837 kB | 33 kB | 4.4 kB
Progress (3): 842 kB | 33 kB | 4.4 kB
Progress (3): 846 kB | 33 kB | 4.4 kB
Progress (3): 850 kB | 33 kB | 4.4 kB
Progress (3): 854 kB | 33 kB | 4.4 kB
Progress (3): 858 kB | 33 kB | 4.4 kB
Progress (3): 862 kB | 33 kB | 4.4 kB
Progress (3): 866 kB | 33 kB | 4.4 kB
Progress (3): 870 kB | 33 kB | 4.4 kB
Progress (3): 874 kB | 33 kB | 4.4 kB
Progress (3): 878 kB | 33 kB | 4.4 kB
Progress (3): 883 kB | 33 kB | 4.4 kB
Progress (3): 887 kB | 33 kB | 4.4 kB
Progress (3): 889 kB | 33 kB | 4.4 kB
Progress (3): 892 kB | 33 kB | 4.4 kB
Progress (3): 896 kB | 33 kB | 4.4 kB
Progress (3): 900 kB | 33 kB | 4.4 kB
Progress (3): 904 kB | 33 kB | 4.4 kB
Progress (3): 908 kB | 33 kB | 4.4 kB
Progress (3): 912 kB | 33 kB | 4.4 kB
Progress (3): 915 kB | 33 kB | 4.4 kB
Progress (4): 915 kB | 33 kB | 4.4 kB | 3.8 kB
Progress (4): 915 kB | 33 kB | 4.4 kB | 7.9 kB
Progress (4): 915 kB | 33 kB | 4.4 kB | 11 kB 
Progress (4): 915 kB | 33 kB | 4.4 kB | 14 kB
Progress (4): 915 kB | 33 kB | 4.4 kB | 18 kB
Progress (4): 915 kB | 33 kB | 4.4 kB | 22 kB
Progress (4): 915 kB | 33 kB | 4.4 kB | 26 kB
Progress (4): 915 kB | 33 kB | 4.4 kB | 30 kB
Progress (4): 915 kB | 33 kB | 4.4 kB | 34 kB
Progress (4): 915 kB | 33 kB | 4.4 kB | 38 kB
Progress (4): 915 kB | 33 kB | 4.4 kB | 42 kB
Progress (4): 915 kB | 33 kB | 4.4 kB | 43 kB
                                             
Downloaded from aiban-tianyin-core: https://aiban-maven.pkg.coding.net/repository/tianyin/core/com/jcraft/jsch.agentproxy.jsch/0.0.9/jsch.agentproxy.jsch-0.0.9.jar (4.4 kB at 1.7 kB/s)
Downloading from aiban-tianyin-core: https://aiban-maven.pkg.coding.net/repository/tianyin/core/org/springframework/cloud/spring-cloud-deployer-resource-maven/2.3.1.RELEASE/spring-cloud-deployer-resource-maven-2.3.1.RELEASE.jar
Progress (4): 915 kB | 33 kB | 43 kB | 2.6 kB
Progress (4): 915 kB | 33 kB | 43 kB | 5.4 kB
                                             
Downloaded from aiban-tianyin-core: https://aiban-maven.pkg.coding.net/repository/tianyin/core/net/java/dev/jna/jna/4.1.0/jna-4.1.0.jar (915 kB at 354 kB/s)
Downloading from aiban-tianyin-core: https://aiban-maven.pkg.coding.net/repository/tianyin/core/org/apache/maven/maven-resolver-provider/3.6.2/maven-resolver-provider-3.6.2.jar
Progress (3): 33 kB | 43 kB | 9.5 kB
Progress (3): 33 kB | 43 kB | 12 kB 
Progress (3): 33 kB | 43 kB | 15 kB
Progress (3): 33 kB | 43 kB | 18 kB
Progress (3): 33 kB | 43 kB | 22 kB
Progress (3): 33 kB | 43 kB | 26 kB
Progress (3): 33 kB | 43 kB | 27 kB
                                   
Downloaded from aiban-tianyin-core: https://aiban-maven.pkg.coding.net/repository/tianyin/core/org/codehaus/plexus/plexus-component-api/1.0-alpha-16/plexus-component-api-1.0-alpha-16.jar (33 kB at 13 kB/s)
Downloading from aiban-tianyin-core: https://aiban-maven.pkg.coding.net/repository/tianyin/core/org/apache/maven/resolver/maven-resolver-spi/1.4.1/maven-resolver-spi-1.4.1.jar
Downloaded from aiban-tianyin-core: https://aiban-maven.pkg.coding.net/repository/tianyin/core/org/codehaus/plexus/plexus-classworlds/1.2-alpha-7/plexus-classworlds-1.2-alpha-7.jar (43 kB at 16 kB/s)
Downloading from aiban-tianyin-core: https://aiban-maven.pkg.coding.net/repository/tianyin/core/org/apache/maven/resolver/maven-resolver-connector-basic/1.4.1/maven-resolver-connector-basic-1.4.1.jar
Downloaded from aiban-tianyin-core: https://aiban-maven.pkg.coding.net/repository/tianyin/core/org/apache/maven/wagon/wagon-ssh-common/3.3.2/wagon-ssh-common-3.3.2.jar (27 kB at 9.6 kB/s)
Downloading from aiban-tianyin-core: https://aiban-maven.pkg.coding.net/repository/tianyin/core/org/apache/maven/resolver/maven-resolver-transport-file/1.4.1/maven-resolver-transport-file-1.4.1.jar
Progress (1): 4.0 kB
Progress (1): 8.1 kB
Progress (1): 12 kB 
Progress (1): 16 kB
Progress (1): 19 kB
Progress (1): 22 kB
Progress (1): 26 kB
Progress (1): 30 kB
Progress (1): 34 kB
Progress (1): 38 kB
Progress (1): 40 kB
Progress (1): 43 kB
Progress (1): 47 kB
Progress (1): 50 kB
Progress (1): 54 kB
Progress (1): 58 kB
Progress (1): 63 kB
Progress (1): 67 kB
Progress (1): 67 kB
Progress (2): 67 kB | 4.0 kB
Progress (2): 67 kB | 8.1 kB
Progress (2): 67 kB | 12 kB 
Progress (2): 67 kB | 15 kB
Progress (2): 67 kB | 18 kB
Progress (2): 67 kB | 22 kB
Progress (2): 67 kB | 26 kB
Progress (2): 67 kB | 30 kB
Progress (2): 67 kB | 34 kB
Progress (2): 67 kB | 36 kB
Progress (2): 67 kB | 37 kB
                           
Downloaded from aiban-tianyin-core: https://aiban-maven.pkg.coding.net/repository/tianyin/core/org/apache/maven/resolver/maven-resolver-connector-basic/1.4.1/maven-resolver-connector-basic-1.4.1.jar (0 B at 0 B/s)
Downloading from aiban-tianyin-core: https://aiban-maven.pkg.coding.net/repository/tianyin/core/org/apache/maven/resolver/maven-resolver-transport-http/1.4.1/maven-resolver-transport-http-1.4.1.jar
Downloaded from aiban-tianyin-core: https://aiban-maven.pkg.coding.net/repository/tianyin/core/org/apache/maven/resolver/maven-resolver-transport-file/1.4.1/maven-resolver-transport-file-1.4.1.jar (0 B at 0 B/s)
Downloading from aiban-tianyin-core: https://aiban-maven.pkg.coding.net/repository/tianyin/core/org/apache/maven/resolver/maven-resolver-transport-wagon/1.4.1/maven-resolver-transport-wagon-1.4.1.jar
Downloaded from aiban-tianyin-core: https://aiban-maven.pkg.coding.net/repository/tianyin/core/org/apache/maven/maven-resolver-provider/3.6.2/maven-resolver-provider-3.6.2.jar (67 kB at 22 kB/s)
Downloading from aiban-tianyin-core: https://aiban-maven.pkg.coding.net/repository/tianyin/core/org/apache/maven/resolver/maven-resolver-impl/1.4.1/maven-resolver-impl-1.4.1.jar
Downloaded from aiban-tianyin-core: https://aiban-maven.pkg.coding.net/repository/tianyin/core/org/apache/maven/resolver/maven-resolver-spi/1.4.1/maven-resolver-spi-1.4.1.jar (37 kB at 12 kB/s)
Progress (1): 4.1 kB
Progress (1): 8.2 kB
Progress (1): 11 kB 
Progress (1): 14 kB
Progress (1): 17 kB
Progress (1): 21 kB
Progress (1): 25 kB
Progress (1): 28 kB
Progress (1): 31 kB
Progress (1): 31 kB
Progress (2): 31 kB | 4.0 kB
Progress (2): 31 kB | 8.1 kB
Progress (2): 31 kB | 12 kB 
Progress (2): 31 kB | 16 kB
Progress (2): 31 kB | 19 kB
Progress (2): 31 kB | 23 kB
Progress (2): 31 kB | 28 kB
Progress (2): 31 kB | 32 kB
Progress (2): 31 kB | 36 kB
Progress (2): 31 kB | 38 kB
Progress (2): 31 kB | 41 kB
Progress (2): 31 kB | 45 kB
Progress (2): 31 kB | 49 kB
Progress (2): 31 kB | 53 kB
Progress (2): 31 kB | 57 kB
Progress (2): 31 kB | 61 kB
Progress (2): 31 kB | 64 kB
Progress (2): 31 kB | 68 kB
Progress (2): 31 kB | 71 kB
Progress (2): 31 kB | 75 kB
Progress (2): 31 kB | 79 kB
Progress (2): 31 kB | 83 kB
Progress (2): 31 kB | 87 kB
Progress (2): 31 kB | 91 kB
Progress (2): 31 kB | 94 kB
Progress (2): 31 kB | 97 kB
Progress (2): 31 kB | 100 kB
Progress (2): 31 kB | 102 kB
Progress (2): 31 kB | 106 kB
Progress (2): 31 kB | 109 kB
Progress (2): 31 kB | 112 kB
Progress (2): 31 kB | 115 kB
Progress (2): 31 kB | 119 kB
Progress (2): 31 kB | 122 kB
Progress (2): 31 kB | 125 kB
Progress (2): 31 kB | 129 kB
Progress (2): 31 kB | 132 kB
Progress (2): 31 kB | 136 kB
Progress (2): 31 kB | 139 kB
Progress (2): 31 kB | 143 kB
Progress (2): 31 kB | 147 kB
Progress (2): 31 kB | 151 kB
Progress (2): 31 kB | 155 kB
Progress (2): 31 kB | 159 kB
Progress (2): 31 kB | 163 kB
Progress (2): 31 kB | 165 kB
Progress (2): 31 kB | 168 kB
Progress (2): 31 kB | 171 kB
Progress (2): 31 kB | 175 kB
Progress (2): 31 kB | 178 kB
Progress (2): 31 kB | 181 kB
                            
Downloaded from aiban-tianyin-core: https://aiban-maven.pkg.coding.net/repository/tianyin/core/org/apache/maven/resolver/maven-resolver-transport-wagon/1.4.1/maven-resolver-transport-wagon-1.4.1.jar (0 B at 0 B/s)
Downloaded from aiban-tianyin-core: https://aiban-maven.pkg.coding.net/repository/tianyin/core/org/apache/maven/resolver/maven-resolver-transport-http/1.4.1/maven-resolver-transport-http-1.4.1.jar (0 B at 0 B/s)
Downloaded from aiban-tianyin-core: https://aiban-maven.pkg.coding.net/repository/tianyin/core/org/apache/maven/resolver/maven-resolver-impl/1.4.1/maven-resolver-impl-1.4.1.jar (181 kB at 55 kB/s)
Downloaded from aiban-tianyin-core: https://aiban-maven.pkg.coding.net/repository/tianyin/core/org/springframework/cloud/spring-cloud-deployer-resource-maven/2.3.1.RELEASE/spring-cloud-deployer-resource-maven-2.3.1.RELEASE.jar (31 kB at 9.3 kB/s)
[[1;34mINFO[m] 
[[1;34mINFO[m] [1m--- [0;32mmaven-clean-plugin:3.1.0:clean[m [1m(default-clean)[m @ [36mmaven-client-spring-boot-starter[0;1m ---[m
[[1;34mINFO[m] Deleting /Users/wandl/workspaces/workspace-ddd4j/workspace-ddd4j-boot-starters/maven-client-spring-boot-starter/target
[[1;34mINFO[m] 
[[1;34mINFO[m] [1m--- [0;32mmaven-enforcer-plugin:3.0.0-M3:enforce[m [1m(default-cli)[m @ [36mmaven-client-spring-boot-starter[0;1m ---[m
[[1;34mINFO[m] 
[[1;34mINFO[m] [1m--- [0;32mmaven-resources-plugin:3.1.0:resources[m [1m(default-resources)[m @ [36mmaven-client-spring-boot-starter[0;1m ---[m
[[1;34mINFO[m] Using 'UTF-8' encoding to copy filtered resources.
[[1;34mINFO[m] Copying 0 resource
[[1;34mINFO[m] Copying 2 resources
[[1;34mINFO[m] 
[[1;34mINFO[m] [1m--- [0;32mmaven-compiler-plugin:3.8.1:compile[m [1m(default-compile)[m @ [36mmaven-client-spring-boot-starter[0;1m ---[m
[[1;34mINFO[m] Changes detected - recompiling the module!
[[1;34mINFO[m] Compiling 5 source files to /Users/wandl/workspaces/workspace-ddd4j/workspace-ddd4j-boot-starters/maven-client-spring-boot-starter/target/classes
[[1;34mINFO[m] 
[[1;34mINFO[m] [1m--- [0;32mmaven-resources-plugin:3.1.0:testResources[m [1m(default-testResources)[m @ [36mmaven-client-spring-boot-starter[0;1m ---[m
[[1;34mINFO[m] Not copying test resources
[[1;34mINFO[m] 
[[1;34mINFO[m] [1m--- [0;32mmaven-compiler-plugin:3.8.1:testCompile[m [1m(default-testCompile)[m @ [36mmaven-client-spring-boot-starter[0;1m ---[m
[[1;34mINFO[m] Not compiling test sources
[[1;34mINFO[m] 
[[1;34mINFO[m] [1m--- [0;32mmaven-surefire-plugin:2.22.1:test[m [1m(default-test)[m @ [36mmaven-client-spring-boot-starter[0;1m ---[m
[[1;34mINFO[m] Tests are skipped.
[[1;34mINFO[m] 
[[1;34mINFO[m] [1m--- [0;32mmaven-jar-plugin:3.1.1:jar[m [1m(default-jar)[m @ [36mmaven-client-spring-boot-starter[0;1m ---[m
[[1;34mINFO[m] Building jar: /Users/wandl/workspaces/workspace-ddd4j/workspace-ddd4j-boot-starters/maven-client-spring-boot-starter/target/maven-client-spring-boot-starter-2.3.x.20240823.RELEASE.jar
[[1;34mINFO[m] 
[[1;34mINFO[m] [1m--- [0;32mmaven-source-plugin:3.2.1:jar-no-fork[m [1m(attach-sources)[m @ [36mmaven-client-spring-boot-starter[0;1m ---[m
[[1;34mINFO[m] Building jar: /Users/wandl/workspaces/workspace-ddd4j/workspace-ddd4j-boot-starters/maven-client-spring-boot-starter/target/maven-client-spring-boot-starter-2.3.x.20240823.RELEASE-sources.jar
[[1;34mINFO[m] 
[[1;34mINFO[m] [1m--- [0;32mmaven-install-plugin:2.5.2:install[m [1m(default-install)[m @ [36mmaven-client-spring-boot-starter[0;1m ---[m
[[1;34mINFO[m] Installing /Users/wandl/workspaces/workspace-ddd4j/workspace-ddd4j-boot-starters/maven-client-spring-boot-starter/target/maven-client-spring-boot-starter-2.3.x.20240823.RELEASE.jar to /Users/wandl/.m2/repository/com/github/hiwepy/maven-client-spring-boot-starter/2.3.x.20240823.RELEASE/maven-client-spring-boot-starter-2.3.x.20240823.RELEASE.jar
[[1;34mINFO[m] Installing /Users/wandl/workspaces/workspace-ddd4j/workspace-ddd4j-boot-starters/maven-client-spring-boot-starter/pom.xml to /Users/wandl/.m2/repository/com/github/hiwepy/maven-client-spring-boot-starter/2.3.x.20240823.RELEASE/maven-client-spring-boot-starter-2.3.x.20240823.RELEASE.pom
[[1;34mINFO[m] Installing /Users/wandl/workspaces/workspace-ddd4j/workspace-ddd4j-boot-starters/maven-client-spring-boot-starter/target/maven-client-spring-boot-starter-2.3.x.20240823.RELEASE-sources.jar to /Users/wandl/.m2/repository/com/github/hiwepy/maven-client-spring-boot-starter/2.3.x.20240823.RELEASE/maven-client-spring-boot-starter-2.3.x.20240823.RELEASE-sources.jar
[[1;34mINFO[m] 
[[1;34mINFO[m] [1m--- [0;32mmaven-deploy-plugin:2.8.2:deploy[m [1m(default-deploy)[m @ [36mmaven-client-spring-boot-starter[0;1m ---[m
[[1;34mINFO[m] Using alternate deployment repository maven-releases::default::https://packages.aliyun.com/5fdc0afd99b59ba3c5ead757/maven/maven-releases
Uploading to maven-releases: https://packages.aliyun.com/5fdc0afd99b59ba3c5ead757/maven/maven-releases/com/github/hiwepy/maven-client-spring-boot-starter/2.3.x.20240823.RELEASE/maven-client-spring-boot-starter-2.3.x.20240823.RELEASE.jar
Progress (1): 4.1/25 kB
Progress (1): 8.2/25 kB
Progress (1): 12/25 kB 
Progress (1): 16/25 kB
Progress (1): 20/25 kB
Progress (1): 25/25 kB
Progress (1): 25 kB   
                   
Uploaded to maven-releases: https://packages.aliyun.com/5fdc0afd99b59ba3c5ead757/maven/maven-releases/com/github/hiwepy/maven-client-spring-boot-starter/2.3.x.20240823.RELEASE/maven-client-spring-boot-starter-2.3.x.20240823.RELEASE.jar (25 kB at 21 kB/s)
Uploading to maven-releases: https://packages.aliyun.com/5fdc0afd99b59ba3c5ead757/maven/maven-releases/com/github/hiwepy/maven-client-spring-boot-starter/2.3.x.20240823.RELEASE/maven-client-spring-boot-starter-2.3.x.20240823.RELEASE.pom
Progress (1): 4.1/20 kB
Progress (1): 8.2/20 kB
Progress (1): 12/20 kB 
Progress (1): 16/20 kB
Progress (1): 20 kB   
                   
Uploaded to maven-releases: https://packages.aliyun.com/5fdc0afd99b59ba3c5ead757/maven/maven-releases/com/github/hiwepy/maven-client-spring-boot-starter/2.3.x.20240823.RELEASE/maven-client-spring-boot-starter-2.3.x.20240823.RELEASE.pom (20 kB at 23 kB/s)
Downloading from maven-releases: https://packages.aliyun.com/5fdc0afd99b59ba3c5ead757/maven/maven-releases/com/github/hiwepy/maven-client-spring-boot-starter/maven-metadata.xml
Uploading to maven-releases: https://packages.aliyun.com/5fdc0afd99b59ba3c5ead757/maven/maven-releases/com/github/hiwepy/maven-client-spring-boot-starter/maven-metadata.xml
Progress (1): 363 B
                   
Uploaded to maven-releases: https://packages.aliyun.com/5fdc0afd99b59ba3c5ead757/maven/maven-releases/com/github/hiwepy/maven-client-spring-boot-starter/maven-metadata.xml (363 B at 340 B/s)
Uploading to maven-releases: https://packages.aliyun.com/5fdc0afd99b59ba3c5ead757/maven/maven-releases/com/github/hiwepy/maven-client-spring-boot-starter/2.3.x.20240823.RELEASE/maven-client-spring-boot-starter-2.3.x.20240823.RELEASE-sources.jar
Progress (1): 4.1/18 kB
Progress (1): 8.2/18 kB
Progress (1): 12/18 kB 
Progress (1): 16/18 kB
Progress (1): 18 kB   
                   
Uploaded to maven-releases: https://packages.aliyun.com/5fdc0afd99b59ba3c5ead757/maven/maven-releases/com/github/hiwepy/maven-client-spring-boot-starter/2.3.x.20240823.RELEASE/maven-client-spring-boot-starter-2.3.x.20240823.RELEASE-sources.jar (18 kB at 17 kB/s)
[[1;34mINFO[m] [1m------------------------------------------------------------------------[m
[[1;34mINFO[m] [1;32mBUILD SUCCESS[m
[[1;34mINFO[m] [1m------------------------------------------------------------------------[m
[[1;34mINFO[m] Total time:  41.892 s
[[1;34mINFO[m] Finished at: 2026-03-16T14:04:06+08:00
[[1;34mINFO[m] [1m------------------------------------------------------------------------[m
[maven-client-spring-boot-starter/2.3.x] 成功
[[1;34mINFO[m] Scanning for projects...
[[1;34mINFO[m] 
[[1;34mINFO[m] [1m---------< [0;36mio.github.hiwepy:maven-client-spring-boot-starter[0;1m >---------[m
[[1;34mINFO[m] [1mBuilding io.github.hiwepy:maven-client-spring-boot-starter 2.7.x.20240823.RELEASE[m
[[1;34mINFO[m] [1m--------------------------------[ jar ]---------------------------------[m
Downloading from aiban-tianyin-core: https://aiban-maven.pkg.coding.net/repository/tianyin/core/org/springframework/cloud/spring-cloud-deployer-resource-maven/2.9.4/spring-cloud-deployer-resource-maven-2.9.4.pom
Progress (1): 3.1 kB
                    
Downloaded from aiban-tianyin-core: https://aiban-maven.pkg.coding.net/repository/tianyin/core/org/springframework/cloud/spring-cloud-deployer-resource-maven/2.9.4/spring-cloud-deployer-resource-maven-2.9.4.pom (3.1 kB at 3.3 kB/s)
Downloading from aiban-tianyin-core: https://aiban-maven.pkg.coding.net/repository/tianyin/core/org/springframework/cloud/spring-cloud-deployer-parent/2.9.4/spring-cloud-deployer-parent-2.9.4.pom
Progress (1): 4.1 kB
Progress (1): 8.2 kB
Progress (1): 10.0 kB
                     
Downloaded from aiban-tianyin-core: https://aiban-maven.pkg.coding.net/repository/tianyin/core/org/springframework/cloud/spring-cloud-deployer-parent/2.9.4/spring-cloud-deployer-parent-2.9.4.pom (10.0 kB at 13 kB/s)
Downloading from aiban-tianyin-core: https://aiban-maven.pkg.coding.net/repository/tianyin/core/org/springframework/spring-framework-bom/5.3.34/spring-framework-bom-5.3.34.pom
Progress (1): 4.1 kB
Progress (1): 5.7 kB
                    
Downloaded from aiban-tianyin-core: https://aiban-maven.pkg.coding.net/repository/tianyin/core/org/springframework/spring-framework-bom/5.3.34/spring-framework-bom-5.3.34.pom (5.7 kB at 5.8 kB/s)
Downloading from aiban-tianyin-core: https://aiban-maven.pkg.coding.net/repository/tianyin/core/org/springframework/cloud/spring-cloud-deployer-dependencies/2.9.4/spring-cloud-deployer-dependencies-2.9.4.pom
Progress (1): 3.8 kB
Progress (1): 4.6 kB
                    
Downloaded from aiban-tianyin-core: https://aiban-maven.pkg.coding.net/repository/tianyin/core/org/springframework/cloud/spring-cloud-deployer-dependencies/2.9.4/spring-cloud-deployer-dependencies-2.9.4.pom (4.6 kB at 6.4 kB/s)
Downloading from aiban-tianyin-core: https://aiban-maven.pkg.coding.net/repository/tianyin/core/org/apache/maven/maven-model-builder/3.9.9/maven-model-builder-3.9.9.pom
Downloaded from aiban-tianyin-core: https://aiban-maven.pkg.coding.net/repository/tianyin/core/org/apache/maven/maven-model-builder/3.9.9/maven-model-builder-3.9.9.pom (0 B at 0 B/s)
Downloading from aiban-tianyin-core: https://aiban-maven.pkg.coding.net/repository/tianyin/core/org/apache/maven/maven/3.9.9/maven-3.9.9.pom
Downloaded from aiban-tianyin-core: https://aiban-maven.pkg.coding.net/repository/tianyin/core/org/apache/maven/maven/3.9.9/maven-3.9.9.pom (0 B at 0 B/s)
Downloading from aiban-tianyin-core: https://aiban-maven.pkg.coding.net/repository/tianyin/core/org/apache/maven/maven-model/3.9.9/maven-model-3.9.9.pom
Downloaded from aiban-tianyin-core: https://aiban-maven.pkg.coding.net/repository/tianyin/core/org/apache/maven/maven-model/3.9.9/maven-model-3.9.9.pom (0 B at 0 B/s)
Downloading from aiban-tianyin-core: https://aiban-maven.pkg.coding.net/repository/tianyin/core/org/apache/maven/maven-artifact/3.9.9/maven-artifact-3.9.9.pom
Downloaded from aiban-tianyin-core: https://aiban-maven.pkg.coding.net/repository/tianyin/core/org/apache/maven/maven-artifact/3.9.9/maven-artifact-3.9.9.pom (0 B at 0 B/s)
Downloading from aiban-tianyin-core: https://aiban-maven.pkg.coding.net/repository/tianyin/core/org/apache/maven/maven-builder-support/3.9.9/maven-builder-support-3.9.9.pom
Downloaded from aiban-tianyin-core: https://aiban-maven.pkg.coding.net/repository/tianyin/core/org/apache/maven/maven-builder-support/3.9.9/maven-builder-support-3.9.9.pom (0 B at 0 B/s)
Downloading from aiban-tianyin-core: https://aiban-maven.pkg.coding.net/repository/tianyin/core/org/eclipse/sisu/org.eclipse.sisu.inject/0.9.0.M3/org.eclipse.sisu.inject-0.9.0.M3.pom
Progress (1): 3.9 kB
Progress (1): 8.0 kB
Progress (1): 12 kB 
Progress (1): 16 kB
Progress (1): 20 kB
                   
Downloaded from aiban-tianyin-core: https://aiban-maven.pkg.coding.net/repository/tianyin/core/org/eclipse/sisu/org.eclipse.sisu.inject/0.9.0.M3/org.eclipse.sisu.inject-0.9.0.M3.pom (20 kB at 58 kB/s)
Downloading from aiban-tianyin-core: https://aiban-maven.pkg.coding.net/repository/tianyin/core/org/eclipse/sisu/sisu-inject/0.9.0.M3/sisu-inject-0.9.0.M3.pom
Progress (1): 4.1 kB
Progress (1): 6.9 kB
Progress (1): 11 kB 
Progress (1): 14 kB
Progress (1): 18 kB
Progress (1): 22 kB
Progress (1): 24 kB
                   
Downloaded from aiban-tianyin-core: https://aiban-maven.pkg.coding.net/repository/tianyin/core/org/eclipse/sisu/sisu-inject/0.9.0.M3/sisu-inject-0.9.0.M3.pom (24 kB at 82 kB/s)
Downloading from aiban-tianyin-core: https://aiban-maven.pkg.coding.net/repository/tianyin/core/org/apache/maven/maven-resolver-provider/3.9.9/maven-resolver-provider-3.9.9.pom
Downloaded from aiban-tianyin-core: https://aiban-maven.pkg.coding.net/repository/tianyin/core/org/apache/maven/maven-resolver-provider/3.9.9/maven-resolver-provider-3.9.9.pom (0 B at 0 B/s)
Downloading from aiban-tianyin-core: https://aiban-maven.pkg.coding.net/repository/tianyin/core/org/apache/maven/maven-repository-metadata/3.9.9/maven-repository-metadata-3.9.9.pom
Downloaded from aiban-tianyin-core: https://aiban-maven.pkg.coding.net/repository/tianyin/core/org/apache/maven/maven-repository-metadata/3.9.9/maven-repository-metadata-3.9.9.pom (0 B at 0 B/s)
Downloading from aiban-tianyin-core: https://aiban-maven.pkg.coding.net/repository/tianyin/core/org/apache/maven/resolver/maven-resolver-api/2.0.1/maven-resolver-api-2.0.1.pom
Downloaded from aiban-tianyin-core: https://aiban-maven.pkg.coding.net/repository/tianyin/core/org/apache/maven/resolver/maven-resolver-api/2.0.1/maven-resolver-api-2.0.1.pom (0 B at 0 B/s)
Downloading from aiban-tianyin-core: https://aiban-maven.pkg.coding.net/repository/tianyin/core/org/apache/maven/resolver/maven-resolver/2.0.1/maven-resolver-2.0.1.pom
Downloaded from aiban-tianyin-core: https://aiban-maven.pkg.coding.net/repository/tianyin/core/org/apache/maven/resolver/maven-resolver/2.0.1/maven-resolver-2.0.1.pom (0 B at 0 B/s)
Downloading from aiban-tianyin-core: https://aiban-maven.pkg.coding.net/repository/tianyin/core/org/eclipse/jetty/jetty-bom/10.0.22/jetty-bom-10.0.22.pom
Progress (1): 3.8 kB
Progress (1): 7.9 kB
Progress (1): 12 kB 
Progress (1): 16 kB
Progress (1): 19 kB
                   
Downloaded from aiban-tianyin-core: https://aiban-maven.pkg.coding.net/repository/tianyin/core/org/eclipse/jetty/jetty-bom/10.0.22/jetty-bom-10.0.22.pom (19 kB at 44 kB/s)
Downloading from aiban-tianyin-core: https://aiban-maven.pkg.coding.net/repository/tianyin/core/org/apache/maven/resolver/maven-resolver-spi/2.0.1/maven-resolver-spi-2.0.1.pom
Progress (1): 2.1 kB
                    
Downloaded from aiban-tianyin-core: https://aiban-maven.pkg.coding.net/repository/tianyin/core/org/apache/maven/resolver/maven-resolver-spi/2.0.1/maven-resolver-spi-2.0.1.pom (2.1 kB at 3.7 kB/s)
Downloading from aiban-tianyin-core: https://aiban-maven.pkg.coding.net/repository/tianyin/core/org/apache/maven/resolver/maven-resolver-util/2.0.1/maven-resolver-util-2.0.1.pom
Progress (1): 2.3 kB
                    
Downloaded from aiban-tianyin-core: https://aiban-maven.pkg.coding.net/repository/tianyin/core/org/apache/maven/resolver/maven-resolver-util/2.0.1/maven-resolver-util-2.0.1.pom (2.3 kB at 3.4 kB/s)
Downloading from aiban-tianyin-core: https://aiban-maven.pkg.coding.net/repository/tianyin/core/org/apache/maven/resolver/maven-resolver-impl/2.0.1/maven-resolver-impl-2.0.1.pom
Progress (1): 3.6 kB
                    
Downloaded from aiban-tianyin-core: https://aiban-maven.pkg.coding.net/repository/tianyin/core/org/apache/maven/resolver/maven-resolver-impl/2.0.1/maven-resolver-impl-2.0.1.pom (3.6 kB at 5.1 kB/s)
Downloading from aiban-tianyin-core: https://aiban-maven.pkg.coding.net/repository/tianyin/core/org/apache/maven/resolver/maven-resolver-named-locks/2.0.1/maven-resolver-named-locks-2.0.1.pom
Progress (1): 2.3 kB
                    
Downloaded from aiban-tianyin-core: https://aiban-maven.pkg.coding.net/repository/tianyin/core/org/apache/maven/resolver/maven-resolver-named-locks/2.0.1/maven-resolver-named-locks-2.0.1.pom (2.3 kB at 3.6 kB/s)
Downloading from aiban-tianyin-core: https://aiban-maven.pkg.coding.net/repository/tianyin/core/org/apache/maven/resolver/maven-resolver-connector-basic/2.0.1/maven-resolver-connector-basic-2.0.1.pom
Progress (1): 2.6 kB
Progress (1): 3.0 kB
                    
Downloaded from aiban-tianyin-core: https://aiban-maven.pkg.coding.net/repository/tianyin/core/org/apache/maven/resolver/maven-resolver-connector-basic/2.0.1/maven-resolver-connector-basic-2.0.1.pom (3.0 kB at 3.7 kB/s)
Downloading from aiban-tianyin-core: https://aiban-maven.pkg.coding.net/repository/tianyin/core/org/apache/maven/resolver/maven-resolver-transport-file/2.0.1/maven-resolver-transport-file-2.0.1.pom
Progress (1): 2.6 kB
Progress (1): 3.0 kB
                    
Downloaded from aiban-tianyin-core: https://aiban-maven.pkg.coding.net/repository/tianyin/core/org/apache/maven/resolver/maven-resolver-transport-file/2.0.1/maven-resolver-transport-file-2.0.1.pom (3.0 kB at 3.6 kB/s)
Downloading from aiban-tianyin-core: https://aiban-maven.pkg.coding.net/repository/tianyin/core/org/apache/maven/resolver/maven-resolver-transport-http/1.9.22/maven-resolver-transport-http-1.9.22.pom
Progress (1): 3.9 kB
Progress (1): 5.0 kB
                    
Downloaded from aiban-tianyin-core: https://aiban-maven.pkg.coding.net/repository/tianyin/core/org/apache/maven/resolver/maven-resolver-transport-http/1.9.22/maven-resolver-transport-http-1.9.22.pom (5.0 kB at 13 kB/s)
Downloading from aiban-tianyin-core: https://aiban-maven.pkg.coding.net/repository/tianyin/core/org/apache/maven/resolver/maven-resolver-transport-wagon/2.0.1/maven-resolver-transport-wagon-2.0.1.pom
Progress (1): 3.8 kB
                    
Downloaded from aiban-tianyin-core: https://aiban-maven.pkg.coding.net/repository/tianyin/core/org/apache/maven/resolver/maven-resolver-transport-wagon/2.0.1/maven-resolver-transport-wagon-2.0.1.pom (3.8 kB at 5.9 kB/s)
Downloading from aiban-tianyin-core: https://aiban-maven.pkg.coding.net/repository/tianyin/core/org/apache/maven/wagon/wagon-provider-api/3.5.3/wagon-provider-api-3.5.3.pom
Downloaded from aiban-tianyin-core: https://aiban-maven.pkg.coding.net/repository/tianyin/core/org/apache/maven/wagon/wagon-provider-api/3.5.3/wagon-provider-api-3.5.3.pom (0 B at 0 B/s)
Downloading from aiban-tianyin-core: https://aiban-maven.pkg.coding.net/repository/tianyin/core/org/apache/maven/wagon/wagon/3.5.3/wagon-3.5.3.pom
Downloaded from aiban-tianyin-core: https://aiban-maven.pkg.coding.net/repository/tianyin/core/org/apache/maven/wagon/wagon/3.5.3/wagon-3.5.3.pom (0 B at 0 B/s)
Downloading from aiban-tianyin-core: https://aiban-maven.pkg.coding.net/repository/tianyin/core/org/apache/maven/wagon/wagon-http/3.5.2/wagon-http-3.5.2.pom
Downloaded from aiban-tianyin-core: https://aiban-maven.pkg.coding.net/repository/tianyin/core/org/apache/maven/wagon/wagon-http/3.5.2/wagon-http-3.5.2.pom (0 B at 0 B/s)
Downloading from aiban-tianyin-core: https://aiban-maven.pkg.coding.net/repository/tianyin/core/org/apache/maven/wagon/wagon-providers/3.5.2/wagon-providers-3.5.2.pom
Downloaded from aiban-tianyin-core: https://aiban-maven.pkg.coding.net/repository/tianyin/core/org/apache/maven/wagon/wagon-providers/3.5.2/wagon-providers-3.5.2.pom (0 B at 0 B/s)
Downloading from aiban-tianyin-core: https://aiban-maven.pkg.coding.net/repository/tianyin/core/org/apache/maven/wagon/wagon/3.5.2/wagon-3.5.2.pom
Downloaded from aiban-tianyin-core: https://aiban-maven.pkg.coding.net/repository/tianyin/core/org/apache/maven/wagon/wagon/3.5.2/wagon-3.5.2.pom (0 B at 0 B/s)
Downloading from aiban-tianyin-core: https://aiban-maven.pkg.coding.net/repository/tianyin/core/org/apache/maven/wagon/wagon-http-shared/3.5.2/wagon-http-shared-3.5.2.pom
Downloaded from aiban-tianyin-core: https://aiban-maven.pkg.coding.net/repository/tianyin/core/org/apache/maven/wagon/wagon-http-shared/3.5.2/wagon-http-shared-3.5.2.pom (0 B at 0 B/s)
Downloading from aiban-tianyin-core: https://aiban-maven.pkg.coding.net/repository/tianyin/core/org/springframework/cloud/spring-cloud-deployer-resource-maven/2.9.4/spring-cloud-deployer-resource-maven-2.9.4.jar
Downloading from aiban-tianyin-core: https://aiban-maven.pkg.coding.net/repository/tianyin/core/org/apache/maven/maven-builder-support/3.9.9/maven-builder-support-3.9.9.jar
Downloading from aiban-tianyin-core: https://aiban-maven.pkg.coding.net/repository/tianyin/core/org/apache/maven/maven-artifact/3.9.9/maven-artifact-3.9.9.jar
Downloading from aiban-tianyin-core: https://aiban-maven.pkg.coding.net/repository/tianyin/core/org/apache/maven/maven-model/3.9.9/maven-model-3.9.9.jar
Downloading from aiban-tianyin-core: https://aiban-maven.pkg.coding.net/repository/tianyin/core/org/apache/maven/maven-model-builder/3.9.9/maven-model-builder-3.9.9.jar
Progress (1): 3.9 kB
Progress (1): 8.0 kB
Progress (1): 12 kB 
Progress (1): 16 kB
Progress (1): 20 kB
Progress (1): 24 kB
Progress (1): 28 kB
Progress (1): 32 kB
Progress (1): 35 kB
Progress (2): 35 kB | 2.6 kB
Progress (2): 38 kB | 2.6 kB
Progress (2): 38 kB | 5.4 kB
Progress (2): 38 kB | 8.3 kB
Progress (2): 41 kB | 8.3 kB
Progress (2): 44 kB | 8.3 kB
Progress (2): 46 kB | 8.3 kB
Progress (2): 50 kB | 8.3 kB
Progress (2): 54 kB | 8.3 kB
Progress (2): 56 kB | 8.3 kB
Progress (2): 59 kB | 8.3 kB
Progress (2): 59 kB | 12 kB 
Progress (2): 59 kB | 14 kB
Progress (3): 59 kB | 14 kB | 2.6 kB
Progress (3): 59 kB | 14 kB | 5.4 kB
Progress (3): 59 kB | 14 kB | 9.5 kB
Progress (4): 59 kB | 14 kB | 9.5 kB | 2.6 kB
Progress (4): 59 kB | 14 kB | 12 kB | 2.6 kB 
Progress (4): 59 kB | 14 kB | 12 kB | 6.7 kB
Progress (4): 59 kB | 14 kB | 16 kB | 6.7 kB
Progress (4): 59 kB | 14 kB | 20 kB | 6.7 kB
Progress (4): 59 kB | 14 kB | 25 kB | 6.7 kB
Progress (4): 59 kB | 14 kB | 29 kB | 6.7 kB
Progress (4): 59 kB | 14 kB | 33 kB | 6.7 kB
Progress (4): 59 kB | 14 kB | 36 kB | 6.7 kB
Progress (4): 59 kB | 14 kB | 39 kB | 6.7 kB
                                            
Downloaded from aiban-tianyin-core: https://aiban-maven.pkg.coding.net/repository/tianyin/core/org/apache/maven/maven-builder-support/3.9.9/maven-builder-support-3.9.9.jar (14 kB at 35 kB/s)
Downloading from aiban-tianyin-core: https://aiban-maven.pkg.coding.net/repository/tianyin/core/org/eclipse/sisu/org.eclipse.sisu.inject/0.9.0.M3/org.eclipse.sisu.inject-0.9.0.M3.jar
Progress (3): 59 kB | 39 kB | 11 kB
Progress (3): 59 kB | 39 kB | 14 kB
Progress (3): 59 kB | 39 kB | 17 kB
Progress (3): 59 kB | 39 kB | 21 kB
Progress (3): 59 kB | 39 kB | 24 kB
Progress (3): 59 kB | 42 kB | 24 kB
Progress (3): 59 kB | 42 kB | 26 kB
Progress (3): 59 kB | 46 kB | 26 kB
Progress (3): 59 kB | 46 kB | 30 kB
Progress (3): 59 kB | 50 kB | 30 kB
Progress (3): 59 kB | 50 kB | 35 kB
Progress (3): 59 kB | 50 kB | 39 kB
Progress (3): 59 kB | 54 kB | 39 kB
Progress (3): 59 kB | 58 kB | 39 kB
Progress (3): 59 kB | 62 kB | 39 kB
Progress (3): 59 kB | 66 kB | 39 kB
Progress (3): 59 kB | 70 kB | 39 kB
Progress (3): 59 kB | 75 kB | 39 kB
Progress (3): 59 kB | 79 kB | 39 kB
Progress (3): 59 kB | 83 kB | 39 kB
Progress (3): 59 kB | 87 kB | 39 kB
Progress (3): 59 kB | 91 kB | 39 kB
Progress (3): 59 kB | 94 kB | 39 kB
Progress (3): 59 kB | 94 kB | 43 kB
Progress (3): 59 kB | 94 kB | 45 kB
Progress (3): 59 kB | 94 kB | 49 kB
Progress (3): 59 kB | 94 kB | 53 kB
Progress (3): 59 kB | 94 kB | 57 kB
Progress (3): 59 kB | 94 kB | 61 kB
Progress (3): 59 kB | 94 kB | 65 kB
Progress (3): 59 kB | 94 kB | 69 kB
Progress (3): 59 kB | 94 kB | 73 kB
Progress (3): 59 kB | 97 kB | 73 kB
Progress (3): 59 kB | 97 kB | 77 kB
Progress (3): 59 kB | 100 kB | 77 kB
Progress (3): 59 kB | 100 kB | 81 kB
Progress (3): 59 kB | 104 kB | 81 kB
Progress (3): 59 kB | 104 kB | 85 kB
Progress (3): 59 kB | 104 kB | 90 kB
Progress (3): 59 kB | 108 kB | 90 kB
Progress (3): 59 kB | 108 kB | 94 kB
Progress (3): 59 kB | 112 kB | 94 kB
Progress (3): 59 kB | 116 kB | 94 kB
Progress (3): 59 kB | 120 kB | 94 kB
Progress (3): 59 kB | 124 kB | 94 kB
Progress (3): 59 kB | 128 kB | 94 kB
Progress (3): 59 kB | 132 kB | 94 kB
Progress (3): 59 kB | 136 kB | 94 kB
Progress (3): 59 kB | 141 kB | 94 kB
Progress (3): 59 kB | 145 kB | 94 kB
Progress (3): 59 kB | 149 kB | 94 kB
Progress (3): 59 kB | 153 kB | 94 kB
Progress (3): 59 kB | 157 kB | 94 kB
Progress (3): 59 kB | 161 kB | 94 kB
Progress (3): 59 kB | 165 kB | 94 kB
Progress (3): 59 kB | 169 kB | 94 kB
Progress (3): 59 kB | 173 kB | 94 kB
Progress (3): 59 kB | 177 kB | 94 kB
Progress (3): 59 kB | 182 kB | 94 kB
Progress (4): 59 kB | 182 kB | 94 kB | 4.0 kB
Progress (4): 59 kB | 186 kB | 94 kB | 4.0 kB
Progress (4): 59 kB | 186 kB | 94 kB | 6.9 kB
Progress (4): 59 kB | 190 kB | 94 kB | 6.9 kB
Progress (4): 59 kB | 194 kB | 94 kB | 6.9 kB
Progress (4): 59 kB | 198 kB | 94 kB | 6.9 kB
Progress (4): 59 kB | 202 kB | 94 kB | 6.9 kB
Progress (4): 59 kB | 206 kB | 94 kB | 6.9 kB
Progress (4): 59 kB | 206 kB | 98 kB | 6.9 kB
Progress (4): 59 kB | 206 kB | 102 kB | 6.9 kB
Progress (4): 59 kB | 206 kB | 106 kB | 6.9 kB
Progress (4): 59 kB | 206 kB | 110 kB | 6.9 kB
Progress (4): 59 kB | 206 kB | 114 kB | 6.9 kB
Progress (4): 59 kB | 206 kB | 118 kB | 6.9 kB
Progress (4): 59 kB | 206 kB | 122 kB | 6.9 kB
Progress (4): 59 kB | 206 kB | 126 kB | 6.9 kB
Progress (4): 59 kB | 206 kB | 131 kB | 6.9 kB
Progress (4): 59 kB | 206 kB | 135 kB | 6.9 kB
Progress (4): 59 kB | 206 kB | 139 kB | 6.9 kB
Progress (4): 59 kB | 206 kB | 143 kB | 6.9 kB
Progress (4): 59 kB | 206 kB | 147 kB | 6.9 kB
Progress (4): 59 kB | 206 kB | 151 kB | 6.9 kB
Progress (4): 59 kB | 206 kB | 155 kB | 6.9 kB
Progress (4): 59 kB | 206 kB | 159 kB | 6.9 kB
Progress (4): 59 kB | 206 kB | 163 kB | 6.9 kB
Progress (4): 59 kB | 206 kB | 167 kB | 6.9 kB
Progress (4): 59 kB | 206 kB | 171 kB | 6.9 kB
Progress (4): 59 kB | 206 kB | 176 kB | 6.9 kB
Progress (4): 59 kB | 206 kB | 180 kB | 6.9 kB
Progress (4): 59 kB | 208 kB | 180 kB | 6.9 kB
Progress (4): 59 kB | 208 kB | 184 kB | 6.9 kB
Progress (4): 59 kB | 208 kB | 188 kB | 6.9 kB
Progress (4): 59 kB | 208 kB | 192 kB | 6.9 kB
Progress (4): 59 kB | 208 kB | 196 kB | 6.9 kB
Progress (4): 59 kB | 208 kB | 200 kB | 6.9 kB
Progress (4): 59 kB | 208 kB | 200 kB | 9.7 kB
Progress (4): 59 kB | 208 kB | 204 kB | 9.7 kB
Progress (4): 59 kB | 208 kB | 204 kB | 13 kB 
Progress (4): 59 kB | 208 kB | 204 kB | 17 kB
Progress (4): 59 kB | 208 kB | 204 kB | 21 kB
Progress (4): 59 kB | 208 kB | 204 kB | 23 kB
Progress (4): 59 kB | 208 kB | 204 kB | 28 kB
Progress (4): 59 kB | 208 kB | 204 kB | 31 kB
Progress (4): 59 kB | 208 kB | 204 kB | 32 kB
Progress (4): 59 kB | 208 kB | 208 kB | 32 kB
Progress (4): 59 kB | 208 kB | 212 kB | 32 kB
Progress (4): 59 kB | 208 kB | 216 kB | 32 kB
Progress (4): 59 kB | 208 kB | 218 kB | 32 kB
                                             
Downloaded from aiban-tianyin-core: https://aiban-maven.pkg.coding.net/repository/tianyin/core/org/apache/maven/maven-artifact/3.9.9/maven-artifact-3.9.9.jar (59 kB at 109 kB/s)
Downloading from aiban-tianyin-core: https://aiban-maven.pkg.coding.net/repository/tianyin/core/org/apache/maven/maven-resolver-provider/3.9.9/maven-resolver-provider-3.9.9.jar
Progress (4): 208 kB | 218 kB | 32 kB | 2.6 kB
Progress (4): 208 kB | 218 kB | 32 kB | 6.7 kB
Progress (4): 208 kB | 218 kB | 32 kB | 11 kB 
Progress (4): 208 kB | 218 kB | 32 kB | 14 kB
Progress (4): 208 kB | 218 kB | 32 kB | 18 kB
Progress (4): 208 kB | 218 kB | 32 kB | 22 kB
Progress (4): 208 kB | 218 kB | 32 kB | 26 kB
Progress (4): 208 kB | 218 kB | 32 kB | 30 kB
Progress (4): 208 kB | 218 kB | 32 kB | 34 kB
Progress (4): 208 kB | 218 kB | 32 kB | 38 kB
Progress (4): 208 kB | 218 kB | 32 kB | 42 kB
Progress (4): 208 kB | 218 kB | 32 kB | 46 kB
Progress (4): 208 kB | 218 kB | 32 kB | 51 kB
Progress (4): 208 kB | 218 kB | 32 kB | 55 kB
Progress (4): 208 kB | 218 kB | 32 kB | 59 kB
Progress (4): 208 kB | 218 kB | 32 kB | 63 kB
Progress (4): 208 kB | 218 kB | 32 kB | 67 kB
Progress (4): 208 kB | 218 kB | 32 kB | 71 kB
Progress (4): 208 kB | 218 kB | 32 kB | 75 kB
Progress (4): 208 kB | 218 kB | 32 kB | 79 kB
Progress (4): 208 kB | 218 kB | 32 kB | 83 kB
Progress (4): 208 kB | 218 kB | 32 kB | 87 kB
Progress (4): 208 kB | 218 kB | 32 kB | 91 kB
Progress (4): 208 kB | 218 kB | 32 kB | 96 kB
Progress (4): 208 kB | 218 kB | 32 kB | 100 kB
Progress (4): 208 kB | 218 kB | 32 kB | 104 kB
Progress (4): 208 kB | 218 kB | 32 kB | 108 kB
Progress (4): 208 kB | 218 kB | 32 kB | 112 kB
Progress (4): 208 kB | 218 kB | 32 kB | 116 kB
Progress (4): 208 kB | 218 kB | 32 kB | 120 kB
Progress (4): 208 kB | 218 kB | 32 kB | 124 kB
Progress (4): 208 kB | 218 kB | 32 kB | 128 kB
Progress (4): 208 kB | 218 kB | 32 kB | 132 kB
Progress (4): 208 kB | 218 kB | 32 kB | 137 kB
Progress (4): 208 kB | 218 kB | 32 kB | 141 kB
Progress (4): 208 kB | 218 kB | 32 kB | 145 kB
Progress (4): 208 kB | 218 kB | 32 kB | 149 kB
Progress (4): 208 kB | 218 kB | 32 kB | 153 kB
Progress (4): 208 kB | 218 kB | 32 kB | 157 kB
Progress (4): 208 kB | 218 kB | 32 kB | 161 kB
Progress (4): 208 kB | 218 kB | 32 kB | 165 kB
Progress (4): 208 kB | 218 kB | 32 kB | 169 kB
Progress (4): 208 kB | 218 kB | 32 kB | 173 kB
Progress (4): 208 kB | 218 kB | 32 kB | 177 kB
Progress (4): 208 kB | 218 kB | 32 kB | 182 kB
Progress (4): 208 kB | 218 kB | 32 kB | 186 kB
Progress (4): 208 kB | 218 kB | 32 kB | 190 kB
Progress (4): 208 kB | 218 kB | 32 kB | 194 kB
Progress (4): 208 kB | 218 kB | 32 kB | 198 kB
Progress (4): 208 kB | 218 kB | 32 kB | 202 kB
Progress (4): 208 kB | 218 kB | 32 kB | 206 kB
Progress (4): 208 kB | 218 kB | 32 kB | 210 kB
Progress (4): 208 kB | 218 kB | 32 kB | 214 kB
Progress (4): 208 kB | 218 kB | 32 kB | 218 kB
Progress (4): 208 kB | 218 kB | 32 kB | 223 kB
Progress (4): 208 kB | 218 kB | 32 kB | 227 kB
Progress (4): 208 kB | 218 kB | 32 kB | 231 kB
Progress (4): 208 kB | 218 kB | 32 kB | 235 kB
Progress (4): 208 kB | 218 kB | 32 kB | 239 kB
Progress (4): 208 kB | 218 kB | 32 kB | 243 kB
Progress (4): 208 kB | 218 kB | 32 kB | 247 kB
Progress (4): 208 kB | 218 kB | 32 kB | 251 kB
Progress (4): 208 kB | 218 kB | 32 kB | 255 kB
Progress (4): 208 kB | 218 kB | 32 kB | 259 kB
Progress (4): 208 kB | 218 kB | 32 kB | 264 kB
Progress (4): 208 kB | 218 kB | 32 kB | 268 kB
Progress (4): 208 kB | 218 kB | 32 kB | 272 kB
Progress (4): 208 kB | 218 kB | 32 kB | 276 kB
Progress (4): 208 kB | 218 kB | 32 kB | 280 kB
Progress (4): 208 kB | 218 kB | 32 kB | 284 kB
Progress (4): 208 kB | 218 kB | 32 kB | 288 kB
Progress (4): 208 kB | 218 kB | 32 kB | 292 kB
Progress (4): 208 kB | 218 kB | 32 kB | 296 kB
Progress (4): 208 kB | 218 kB | 32 kB | 300 kB
Progress (4): 208 kB | 218 kB | 32 kB | 304 kB
Progress (4): 208 kB | 218 kB | 32 kB | 309 kB
Progress (4): 208 kB | 218 kB | 32 kB | 313 kB
Progress (4): 208 kB | 218 kB | 32 kB | 317 kB
Progress (4): 208 kB | 218 kB | 32 kB | 321 kB
Progress (4): 208 kB | 218 kB | 32 kB | 325 kB
Progress (4): 208 kB | 218 kB | 32 kB | 329 kB
Progress (4): 208 kB | 218 kB | 32 kB | 333 kB
Progress (4): 208 kB | 218 kB | 32 kB | 337 kB
Progress (4): 208 kB | 218 kB | 32 kB | 341 kB
Progress (4): 208 kB | 218 kB | 32 kB | 345 kB
Progress (4): 208 kB | 218 kB | 32 kB | 350 kB
Progress (4): 208 kB | 218 kB | 32 kB | 354 kB
Progress (4): 208 kB | 218 kB | 32 kB | 358 kB
Progress (4): 208 kB | 218 kB | 32 kB | 362 kB
Progress (4): 208 kB | 218 kB | 32 kB | 366 kB
Progress (4): 208 kB | 218 kB | 32 kB | 370 kB
Progress (4): 208 kB | 218 kB | 32 kB | 374 kB
Progress (4): 208 kB | 218 kB | 32 kB | 378 kB
Progress (4): 208 kB | 218 kB | 32 kB | 382 kB
Progress (4): 208 kB | 218 kB | 32 kB | 386 kB
Progress (4): 208 kB | 218 kB | 32 kB | 390 kB
Progress (4): 208 kB | 218 kB | 32 kB | 395 kB
                                              
Downloaded from aiban-tianyin-core: https://aiban-maven.pkg.coding.net/repository/tianyin/core/org/apache/maven/maven-model-builder/3.9.9/maven-model-builder-3.9.9.jar (208 kB at 332 kB/s)
Progress (3): 218 kB | 32 kB | 399 kB
                                     
Downloading from aiban-tianyin-core: https://aiban-maven.pkg.coding.net/repository/tianyin/core/org/apache/maven/maven-repository-metadata/3.9.9/maven-repository-metadata-3.9.9.jar
Progress (3): 218 kB | 32 kB | 403 kB
Progress (3): 218 kB | 32 kB | 407 kB
Progress (3): 218 kB | 32 kB | 411 kB
Progress (3): 218 kB | 32 kB | 415 kB
Progress (3): 218 kB | 32 kB | 419 kB
Progress (3): 218 kB | 32 kB | 423 kB
Progress (3): 218 kB | 32 kB | 427 kB
Progress (3): 218 kB | 32 kB | 431 kB
Progress (3): 218 kB | 32 kB | 434 kB
                                     
Downloaded from aiban-tianyin-core: https://aiban-maven.pkg.coding.net/repository/tianyin/core/org/springframework/cloud/spring-cloud-deployer-resource-maven/2.9.4/spring-cloud-deployer-resource-maven-2.9.4.jar (32 kB at 50 kB/s)
Downloading from aiban-tianyin-core: https://aiban-maven.pkg.coding.net/repository/tianyin/core/org/apache/maven/resolver/maven-resolver-spi/2.0.1/maven-resolver-spi-2.0.1.jar
Downloaded from aiban-tianyin-core: https://aiban-maven.pkg.coding.net/repository/tianyin/core/org/apache/maven/maven-model/3.9.9/maven-model-3.9.9.jar (218 kB at 331 kB/s)
Downloading from aiban-tianyin-core: https://aiban-maven.pkg.coding.net/repository/tianyin/core/org/apache/maven/resolver/maven-resolver-util/2.0.1/maven-resolver-util-2.0.1.jar
Downloaded from aiban-tianyin-core: https://aiban-maven.pkg.coding.net/repository/tianyin/core/org/eclipse/sisu/org.eclipse.sisu.inject/0.9.0.M3/org.eclipse.sisu.inject-0.9.0.M3.jar (434 kB at 565 kB/s)
Downloading from aiban-tianyin-core: https://aiban-maven.pkg.coding.net/repository/tianyin/core/org/apache/maven/resolver/maven-resolver-connector-basic/2.0.1/maven-resolver-connector-basic-2.0.1.jar
Progress (1): 4.0 kB
Progress (1): 8.1 kB
Progress (1): 12 kB 
Progress (1): 15 kB
Progress (1): 18 kB
Progress (1): 22 kB
Progress (1): 26 kB
Progress (1): 30 kB
Progress (1): 34 kB
Progress (1): 38 kB
Progress (1): 42 kB
Progress (1): 45 kB
Progress (1): 49 kB
Progress (1): 53 kB
Progress (1): 57 kB
Progress (1): 61 kB
Progress (1): 65 kB
Progress (1): 69 kB
Progress (1): 73 kB
Progress (2): 73 kB | 4.0 kB
Progress (2): 77 kB | 4.0 kB
Progress (2): 77 kB | 8.1 kB
Progress (2): 78 kB | 8.1 kB
Progress (2): 78 kB | 11 kB 
Progress (2): 78 kB | 14 kB
Progress (2): 78 kB | 17 kB
Progress (2): 78 kB | 19 kB
Progress (2): 78 kB | 22 kB
Progress (2): 78 kB | 26 kB
Progress (2): 78 kB | 29 kB
                           
Downloaded from aiban-tianyin-core: https://aiban-maven.pkg.coding.net/repository/tianyin/core/org/apache/maven/maven-repository-metadata/3.9.9/maven-repository-metadata-3.9.9.jar (29 kB at 28 kB/s)
Downloading from aiban-tianyin-core: https://aiban-maven.pkg.coding.net/repository/tianyin/core/org/apache/maven/resolver/maven-resolver-transport-file/2.0.1/maven-resolver-transport-file-2.0.1.jar
Downloaded from aiban-tianyin-core: https://aiban-maven.pkg.coding.net/repository/tianyin/core/org/apache/maven/maven-resolver-provider/3.9.9/maven-resolver-provider-3.9.9.jar (78 kB at 76 kB/s)
Downloading from aiban-tianyin-core: https://aiban-maven.pkg.coding.net/repository/tianyin/core/org/apache/maven/resolver/maven-resolver-transport-http/1.9.22/maven-resolver-transport-http-1.9.22.jar
Progress (1): 4.0 kB
Progress (1): 8.1 kB
Progress (1): 11 kB 
Progress (1): 14 kB
Progress (1): 17 kB
Progress (1): 19 kB
Progress (1): 23 kB
Progress (1): 28 kB
Progress (1): 32 kB
Progress (1): 35 kB
Progress (1): 38 kB
Progress (1): 41 kB
Progress (1): 45 kB
Progress (1): 49 kB
Progress (1): 53 kB
Progress (1): 57 kB
Progress (1): 60 kB
Progress (2): 60 kB | 4.0 kB
Progress (2): 60 kB | 8.1 kB
Progress (2): 60 kB | 11 kB 
Progress (2): 60 kB | 14 kB
Progress (2): 60 kB | 17 kB
Progress (2): 60 kB | 19 kB
Progress (2): 60 kB | 22 kB
Progress (2): 60 kB | 26 kB
Progress (2): 60 kB | 29 kB
Progress (2): 60 kB | 33 kB
Progress (2): 60 kB | 36 kB
Progress (2): 60 kB | 40 kB
Progress (2): 60 kB | 43 kB
Progress (2): 60 kB | 46 kB
Progress (2): 60 kB | 50 kB
Progress (2): 60 kB | 54 kB
Progress (2): 60 kB | 58 kB
Progress (2): 60 kB | 62 kB
Progress (2): 60 kB | 65 kB
Progress (2): 60 kB | 69 kB
Progress (2): 60 kB | 73 kB
Progress (2): 60 kB | 77 kB
Progress (2): 60 kB | 79 kB
Progress (2): 60 kB | 83 kB
Progress (2): 60 kB | 88 kB
Progress (2): 60 kB | 92 kB
Progress (2): 60 kB | 95 kB
Progress (2): 60 kB | 98 kB
Progress (2): 60 kB | 101 kB
Progress (2): 60 kB | 104 kB
Progress (2): 60 kB | 107 kB
Progress (2): 60 kB | 110 kB
Progress (2): 60 kB | 112 kB
Progress (2): 60 kB | 115 kB
Progress (2): 60 kB | 119 kB
Progress (2): 60 kB | 124 kB
Progress (2): 60 kB | 127 kB
Progress (2): 60 kB | 130 kB
Progress (2): 60 kB | 134 kB
Progress (2): 60 kB | 137 kB
Progress (2): 60 kB | 140 kB
Progress (2): 60 kB | 142 kB
Progress (2): 60 kB | 145 kB
Progress (2): 60 kB | 148 kB
Progress (2): 60 kB | 152 kB
Progress (2): 60 kB | 155 kB
Progress (2): 60 kB | 159 kB
Progress (2): 60 kB | 163 kB
Progress (2): 60 kB | 167 kB
Progress (2): 60 kB | 171 kB
Progress (2): 60 kB | 174 kB
Progress (2): 60 kB | 178 kB
Progress (2): 60 kB | 182 kB
Progress (2): 60 kB | 187 kB
Progress (2): 60 kB | 191 kB
Progress (2): 60 kB | 195 kB
Progress (2): 60 kB | 199 kB
Progress (2): 60 kB | 203 kB
Progress (2): 60 kB | 207 kB
Progress (2): 60 kB | 211 kB
Progress (2): 60 kB | 215 kB
Progress (2): 60 kB | 218 kB
Progress (3): 60 kB | 218 kB | 2.6 kB
Progress (3): 60 kB | 218 kB | 6.7 kB
Progress (3): 60 kB | 218 kB | 11 kB 
Progress (3): 60 kB | 218 kB | 14 kB
Progress (3): 60 kB | 218 kB | 18 kB
Progress (4): 60 kB | 218 kB | 18 kB | 2.6 kB
Progress (4): 60 kB | 218 kB | 21 kB | 2.6 kB
Progress (4): 60 kB | 218 kB | 24 kB | 2.6 kB
Progress (4): 60 kB | 218 kB | 28 kB | 2.6 kB
Progress (4): 60 kB | 218 kB | 32 kB | 2.6 kB
Progress (4): 60 kB | 218 kB | 36 kB | 2.6 kB
Progress (4): 60 kB | 218 kB | 39 kB | 2.6 kB
Progress (4): 60 kB | 218 kB | 41 kB | 2.6 kB
Progress (4): 60 kB | 218 kB | 41 kB | 6.7 kB
Progress (4): 60 kB | 218 kB | 41 kB | 9.6 kB
Progress (4): 60 kB | 218 kB | 41 kB | 12 kB 
Progress (4): 60 kB | 218 kB | 41 kB | 16 kB
Progress (4): 60 kB | 218 kB | 41 kB | 20 kB
Progress (4): 60 kB | 218 kB | 41 kB | 25 kB
Progress (4): 60 kB | 218 kB | 41 kB | 29 kB
Progress (4): 60 kB | 218 kB | 41 kB | 33 kB
Progress (4): 60 kB | 218 kB | 41 kB | 36 kB
Progress (4): 60 kB | 218 kB | 41 kB | 39 kB
Progress (4): 60 kB | 218 kB | 41 kB | 43 kB
Progress (4): 60 kB | 218 kB | 41 kB | 47 kB
Progress (4): 60 kB | 218 kB | 41 kB | 51 kB
Progress (4): 60 kB | 218 kB | 41 kB | 54 kB
Progress (4): 60 kB | 218 kB | 41 kB | 56 kB
                                            
Downloaded from aiban-tianyin-core: https://aiban-maven.pkg.coding.net/repository/tianyin/core/org/apache/maven/resolver/maven-resolver-transport-http/1.9.22/maven-resolver-transport-http-1.9.22.jar (56 kB at 38 kB/s)
Downloading from aiban-tianyin-core: https://aiban-maven.pkg.coding.net/repository/tianyin/core/org/apache/maven/resolver/maven-resolver-transport-wagon/2.0.1/maven-resolver-transport-wagon-2.0.1.jar
Downloaded from aiban-tianyin-core: https://aiban-maven.pkg.coding.net/repository/tianyin/core/org/apache/maven/resolver/maven-resolver-spi/2.0.1/maven-resolver-spi-2.0.1.jar (60 kB at 40 kB/s)
Downloading from aiban-tianyin-core: https://aiban-maven.pkg.coding.net/repository/tianyin/core/org/apache/maven/wagon/wagon-provider-api/3.5.3/wagon-provider-api-3.5.3.jar
Progress (3): 218 kB | 41 kB | 4.1 kB
Progress (3): 218 kB | 41 kB | 8.2 kB
Progress (3): 218 kB | 41 kB | 11 kB 
Progress (3): 218 kB | 41 kB | 14 kB
Progress (3): 218 kB | 41 kB | 15 kB
                                    
Downloaded from aiban-tianyin-core: https://aiban-maven.pkg.coding.net/repository/tianyin/core/org/apache/maven/resolver/maven-resolver-connector-basic/2.0.1/maven-resolver-connector-basic-2.0.1.jar (41 kB at 25 kB/s)
Downloading from aiban-tianyin-core: https://aiban-maven.pkg.coding.net/repository/tianyin/core/org/apache/maven/resolver/maven-resolver-impl/2.0.1/maven-resolver-impl-2.0.1.jar
Downloaded from aiban-tianyin-core: https://aiban-maven.pkg.coding.net/repository/tianyin/core/org/apache/maven/resolver/maven-resolver-util/2.0.1/maven-resolver-util-2.0.1.jar (218 kB at 131 kB/s)
Downloading from aiban-tianyin-core: https://aiban-maven.pkg.coding.net/repository/tianyin/core/org/apache/maven/resolver/maven-resolver-named-locks/2.0.1/maven-resolver-named-locks-2.0.1.jar
Downloaded from aiban-tianyin-core: https://aiban-maven.pkg.coding.net/repository/tianyin/core/org/apache/maven/wagon/wagon-provider-api/3.5.3/wagon-provider-api-3.5.3.jar (0 B at 0 B/s)
Downloading from aiban-tianyin-core: https://aiban-maven.pkg.coding.net/repository/tianyin/core/org/apache/maven/wagon/wagon-http/3.5.2/wagon-http-3.5.2.jar
Progress (2): 15 kB | 2.6 kB
Progress (2): 15 kB | 6.7 kB
Progress (2): 15 kB | 11 kB 
Progress (2): 15 kB | 14 kB
Progress (2): 15 kB | 18 kB
Progress (2): 15 kB | 22 kB
Progress (2): 15 kB | 26 kB
Progress (2): 15 kB | 30 kB
Progress (2): 15 kB | 33 kB
                           
Downloaded from aiban-tianyin-core: https://aiban-maven.pkg.coding.net/repository/tianyin/core/org/apache/maven/wagon/wagon-http/3.5.2/wagon-http-3.5.2.jar (0 B at 0 B/s)
Downloading from aiban-tianyin-core: https://aiban-maven.pkg.coding.net/repository/tianyin/core/org/apache/maven/wagon/wagon-http-shared/3.5.2/wagon-http-shared-3.5.2.jar
Progress (3): 15 kB | 33 kB | 4.1 kB
Progress (3): 15 kB | 33 kB | 8.2 kB
Progress (3): 15 kB | 33 kB | 11 kB 
Progress (3): 15 kB | 33 kB | 14 kB
Progress (3): 15 kB | 33 kB | 17 kB
Progress (3): 15 kB | 33 kB | 19 kB
Progress (3): 15 kB | 33 kB | 23 kB
Progress (3): 15 kB | 33 kB | 28 kB
Progress (3): 15 kB | 33 kB | 32 kB
Progress (3): 15 kB | 33 kB | 36 kB
Progress (3): 15 kB | 33 kB | 38 kB
Progress (3): 15 kB | 33 kB | 41 kB
Progress (3): 15 kB | 33 kB | 45 kB
Progress (3): 15 kB | 33 kB | 49 kB
Progress (3): 15 kB | 33 kB | 53 kB
Progress (3): 15 kB | 33 kB | 57 kB
Progress (3): 15 kB | 33 kB | 61 kB
Progress (3): 15 kB | 33 kB | 65 kB
Progress (3): 15 kB | 33 kB | 69 kB
Progress (3): 15 kB | 33 kB | 71 kB
                                   
Downloaded from aiban-tianyin-core: https://aiban-maven.pkg.coding.net/repository/tianyin/core/org/apache/maven/resolver/maven-resolver-transport-file/2.0.1/maven-resolver-transport-file-2.0.1.jar (15 kB at 7.2 kB/s)
Downloading from aiban-tianyin-core: https://aiban-maven.pkg.coding.net/repository/tianyin/core/org/apache/maven/resolver/maven-resolver-api/2.0.1/maven-resolver-api-2.0.1.jar
Progress (2): 33 kB | 74 kB
Progress (2): 33 kB | 77 kB
Progress (2): 33 kB | 81 kB
Progress (2): 33 kB | 85 kB
Progress (2): 33 kB | 88 kB
Progress (2): 33 kB | 92 kB
Progress (2): 33 kB | 96 kB
Progress (2): 33 kB | 100 kB
Progress (2): 33 kB | 105 kB
Progress (2): 33 kB | 109 kB
Progress (2): 33 kB | 112 kB
Progress (2): 33 kB | 115 kB
Progress (2): 33 kB | 119 kB
Progress (2): 33 kB | 123 kB
Progress (2): 33 kB | 126 kB
Progress (2): 33 kB | 130 kB
Progress (2): 33 kB | 134 kB
Progress (2): 33 kB | 137 kB
Progress (2): 33 kB | 140 kB
Progress (2): 33 kB | 143 kB
Progress (2): 33 kB | 147 kB
Progress (2): 33 kB | 151 kB
Progress (2): 33 kB | 154 kB
Progress (2): 33 kB | 157 kB
Progress (2): 33 kB | 161 kB
Progress (2): 33 kB | 164 kB
Progress (2): 33 kB | 167 kB
Progress (2): 33 kB | 170 kB
Progress (2): 33 kB | 173 kB
Progress (2): 33 kB | 175 kB
Progress (2): 33 kB | 178 kB
Progress (2): 33 kB | 181 kB
Progress (2): 33 kB | 185 kB
Progress (2): 33 kB | 188 kB
Progress (2): 33 kB | 190 kB
Progress (2): 33 kB | 193 kB
Progress (2): 33 kB | 196 kB
Progress (2): 33 kB | 199 kB
Progress (2): 33 kB | 202 kB
Progress (2): 33 kB | 205 kB
Progress (2): 33 kB | 207 kB
Progress (2): 33 kB | 210 kB
Progress (2): 33 kB | 213 kB
Progress (2): 33 kB | 217 kB
Progress (2): 33 kB | 221 kB
Progress (2): 33 kB | 224 kB
Progress (2): 33 kB | 227 kB
Progress (2): 33 kB | 230 kB
Progress (2): 33 kB | 234 kB
Progress (2): 33 kB | 238 kB
Progress (2): 33 kB | 241 kB
Progress (2): 33 kB | 245 kB
Progress (2): 33 kB | 248 kB
Progress (2): 33 kB | 252 kB
Progress (2): 33 kB | 256 kB
Progress (2): 33 kB | 259 kB
Progress (2): 33 kB | 263 kB
Progress (2): 33 kB | 266 kB
Progress (2): 33 kB | 269 kB
Progress (2): 33 kB | 272 kB
Progress (2): 33 kB | 276 kB
Progress (2): 33 kB | 279 kB
Progress (2): 33 kB | 282 kB
Progress (2): 33 kB | 286 kB
Progress (2): 33 kB | 290 kB
Progress (2): 33 kB | 293 kB
Progress (2): 33 kB | 297 kB
Progress (2): 33 kB | 300 kB
Progress (2): 33 kB | 303 kB
Progress (2): 33 kB | 307 kB
Progress (2): 33 kB | 311 kB
Progress (2): 33 kB | 314 kB
Progress (2): 33 kB | 317 kB
Progress (2): 33 kB | 321 kB
Progress (2): 33 kB | 324 kB
Progress (2): 33 kB | 326 kB
Progress (2): 33 kB | 329 kB
Progress (2): 33 kB | 333 kB
Progress (2): 33 kB | 337 kB
Progress (2): 33 kB | 342 kB
Progress (2): 33 kB | 346 kB
Progress (2): 33 kB | 350 kB
Progress (2): 33 kB | 354 kB
Progress (2): 33 kB | 356 kB
Progress (2): 33 kB | 359 kB
Progress (2): 33 kB | 362 kB
Progress (2): 33 kB | 364 kB
Progress (2): 33 kB | 367 kB
Progress (2): 33 kB | 369 kB
                            
Downloaded from aiban-tianyin-core: https://aiban-maven.pkg.coding.net/repository/tianyin/core/org/apache/maven/resolver/maven-resolver-transport-wagon/2.0.1/maven-resolver-transport-wagon-2.0.1.jar (33 kB at 15 kB/s)
Progress (2): 369 kB | 4.0 kB
Progress (2): 369 kB | 6.9 kB
Progress (2): 369 kB | 11 kB 
Progress (2): 369 kB | 14 kB
Progress (2): 369 kB | 18 kB
Progress (2): 369 kB | 22 kB
Progress (2): 369 kB | 26 kB
Progress (2): 369 kB | 29 kB
Progress (2): 369 kB | 33 kB
Progress (2): 369 kB | 36 kB
Progress (2): 369 kB | 41 kB
Progress (2): 369 kB | 44 kB
                            
Downloaded from aiban-tianyin-core: https://aiban-maven.pkg.coding.net/repository/tianyin/core/org/apache/maven/resolver/maven-resolver-api/2.0.1/maven-resolver-api-2.0.1.jar (0 B at 0 B/s)
Downloaded from aiban-tianyin-core: https://aiban-maven.pkg.coding.net/repository/tianyin/core/org/apache/maven/resolver/maven-resolver-impl/2.0.1/maven-resolver-impl-2.0.1.jar (369 kB at 151 kB/s)
Downloaded from aiban-tianyin-core: https://aiban-maven.pkg.coding.net/repository/tianyin/core/org/apache/maven/resolver/maven-resolver-named-locks/2.0.1/maven-resolver-named-locks-2.0.1.jar (44 kB at 17 kB/s)
Downloaded from aiban-tianyin-core: https://aiban-maven.pkg.coding.net/repository/tianyin/core/org/apache/maven/wagon/wagon-http-shared/3.5.2/wagon-http-shared-3.5.2.jar (0 B at 0 B/s)
[[1;34mINFO[m] 
[[1;34mINFO[m] [1m--- [0;32mmaven-clean-plugin:3.2.0:clean[m [1m(default-clean)[m @ [36mmaven-client-spring-boot-starter[0;1m ---[m
[[1;34mINFO[m] Deleting /Users/wandl/workspaces/workspace-ddd4j/workspace-ddd4j-boot-starters/maven-client-spring-boot-starter/target
[[1;34mINFO[m] 
[[1;34mINFO[m] [1m--- [0;32mmaven-enforcer-plugin:3.0.0:enforce[m [1m(default-cli)[m @ [36mmaven-client-spring-boot-starter[0;1m ---[m
[[1;34mINFO[m] 
[[1;34mINFO[m] [1m--- [0;32mmaven-resources-plugin:3.1.0:resources[m [1m(default-resources)[m @ [36mmaven-client-spring-boot-starter[0;1m ---[m
[[1;34mINFO[m] Using 'UTF-8' encoding to copy filtered resources.
[[1;34mINFO[m] Copying 0 resource
[[1;34mINFO[m] Copying 2 resources
[[1;34mINFO[m] 
[[1;34mINFO[m] [1m--- [0;32mmaven-compiler-plugin:3.10.1:compile[m [1m(default-compile)[m @ [36mmaven-client-spring-boot-starter[0;1m ---[m
[[1;34mINFO[m] Changes detected - recompiling the module!
[[1;34mINFO[m] Compiling 5 source files to /Users/wandl/workspaces/workspace-ddd4j/workspace-ddd4j-boot-starters/maven-client-spring-boot-starter/target/classes
[[1;34mINFO[m] /Users/wandl/workspaces/workspace-ddd4j/workspace-ddd4j-boot-starters/maven-client-spring-boot-starter/src/main/java/org/apache/maven/spring/boot/ext/MavenClientTemplate.java: 某些输入文件使用或覆盖了已过时的 API。
[[1;34mINFO[m] /Users/wandl/workspaces/workspace-ddd4j/workspace-ddd4j-boot-starters/maven-client-spring-boot-starter/src/main/java/org/apache/maven/spring/boot/ext/MavenClientTemplate.java: 有关详细信息, 请使用 -Xlint:deprecation 重新编译。
[[1;34mINFO[m] 
[[1;34mINFO[m] [1m--- [0;32mmaven-resources-plugin:3.1.0:testResources[m [1m(default-testResources)[m @ [36mmaven-client-spring-boot-starter[0;1m ---[m
[[1;34mINFO[m] Not copying test resources
[[1;34mINFO[m] 
[[1;34mINFO[m] [1m--- [0;32mmaven-compiler-plugin:3.10.1:testCompile[m [1m(default-testCompile)[m @ [36mmaven-client-spring-boot-starter[0;1m ---[m
[[1;34mINFO[m] Not compiling test sources
[[1;34mINFO[m] 
[[1;34mINFO[m] [1m--- [0;32mmaven-surefire-plugin:2.22.1:test[m [1m(default-test)[m @ [36mmaven-client-spring-boot-starter[0;1m ---[m
[[1;34mINFO[m] Tests are skipped.
[[1;34mINFO[m] 
[[1;34mINFO[m] [1m--- [0;32mmaven-jar-plugin:3.1.1:jar[m [1m(default-jar)[m @ [36mmaven-client-spring-boot-starter[0;1m ---[m
[[1;34mINFO[m] Building jar: /Users/wandl/workspaces/workspace-ddd4j/workspace-ddd4j-boot-starters/maven-client-spring-boot-starter/target/maven-client-spring-boot-starter-2.7.x.20240823.RELEASE.jar
[[1;34mINFO[m] 
[[1;34mINFO[m] [1m--- [0;32mmaven-source-plugin:3.2.1:jar-no-fork[m [1m(attach-sources)[m @ [36mmaven-client-spring-boot-starter[0;1m ---[m
[[1;34mINFO[m] Building jar: /Users/wandl/workspaces/workspace-ddd4j/workspace-ddd4j-boot-starters/maven-client-spring-boot-starter/target/maven-client-spring-boot-starter-2.7.x.20240823.RELEASE-sources.jar
[[1;34mINFO[m] 
[[1;34mINFO[m] [1m--- [0;32mmaven-install-plugin:2.5.2:install[m [1m(default-install)[m @ [36mmaven-client-spring-boot-starter[0;1m ---[m
[[1;34mINFO[m] Installing /Users/wandl/workspaces/workspace-ddd4j/workspace-ddd4j-boot-starters/maven-client-spring-boot-starter/target/maven-client-spring-boot-starter-2.7.x.20240823.RELEASE.jar to /Users/wandl/.m2/repository/com/github/hiwepy/maven-client-spring-boot-starter/2.7.x.20240823.RELEASE/maven-client-spring-boot-starter-2.7.x.20240823.RELEASE.jar
[[1;34mINFO[m] Installing /Users/wandl/workspaces/workspace-ddd4j/workspace-ddd4j-boot-starters/maven-client-spring-boot-starter/pom.xml to /Users/wandl/.m2/repository/com/github/hiwepy/maven-client-spring-boot-starter/2.7.x.20240823.RELEASE/maven-client-spring-boot-starter-2.7.x.20240823.RELEASE.pom
[[1;34mINFO[m] Installing /Users/wandl/workspaces/workspace-ddd4j/workspace-ddd4j-boot-starters/maven-client-spring-boot-starter/target/maven-client-spring-boot-starter-2.7.x.20240823.RELEASE-sources.jar to /Users/wandl/.m2/repository/com/github/hiwepy/maven-client-spring-boot-starter/2.7.x.20240823.RELEASE/maven-client-spring-boot-starter-2.7.x.20240823.RELEASE-sources.jar
[[1;34mINFO[m] 
[[1;34mINFO[m] [1m--- [0;32mmaven-deploy-plugin:2.8.2:deploy[m [1m(default-deploy)[m @ [36mmaven-client-spring-boot-starter[0;1m ---[m
[[1;34mINFO[m] Using alternate deployment repository maven-releases::default::https://packages.aliyun.com/5fdc0afd99b59ba3c5ead757/maven/maven-releases
Uploading to maven-releases: https://packages.aliyun.com/5fdc0afd99b59ba3c5ead757/maven/maven-releases/com/github/hiwepy/maven-client-spring-boot-starter/2.7.x.20240823.RELEASE/maven-client-spring-boot-starter-2.7.x.20240823.RELEASE.jar
Progress (1): 4.1/24 kB
Progress (1): 8.2/24 kB
Progress (1): 12/24 kB 
Progress (1): 16/24 kB
Progress (1): 20/24 kB
Progress (1): 24 kB   
                   
Uploaded to maven-releases: https://packages.aliyun.com/5fdc0afd99b59ba3c5ead757/maven/maven-releases/com/github/hiwepy/maven-client-spring-boot-starter/2.7.x.20240823.RELEASE/maven-client-spring-boot-starter-2.7.x.20240823.RELEASE.jar (24 kB at 18 kB/s)
Uploading to maven-releases: https://packages.aliyun.com/5fdc0afd99b59ba3c5ead757/maven/maven-releases/com/github/hiwepy/maven-client-spring-boot-starter/2.7.x.20240823.RELEASE/maven-client-spring-boot-starter-2.7.x.20240823.RELEASE.pom
Progress (1): 4.1/21 kB
Progress (1): 8.2/21 kB
Progress (1): 12/21 kB 
Progress (1): 16/21 kB
Progress (1): 20/21 kB
Progress (1): 21 kB   
                   
Uploaded to maven-releases: https://packages.aliyun.com/5fdc0afd99b59ba3c5ead757/maven/maven-releases/com/github/hiwepy/maven-client-spring-boot-starter/2.7.x.20240823.RELEASE/maven-client-spring-boot-starter-2.7.x.20240823.RELEASE.pom (21 kB at 24 kB/s)
Downloading from maven-releases: https://packages.aliyun.com/5fdc0afd99b59ba3c5ead757/maven/maven-releases/com/github/hiwepy/maven-client-spring-boot-starter/maven-metadata.xml
Progress (1): 363 B
                   
Downloaded from maven-releases: https://packages.aliyun.com/5fdc0afd99b59ba3c5ead757/maven/maven-releases/com/github/hiwepy/maven-client-spring-boot-starter/maven-metadata.xml (363 B at 1.5 kB/s)
Uploading to maven-releases: https://packages.aliyun.com/5fdc0afd99b59ba3c5ead757/maven/maven-releases/com/github/hiwepy/maven-client-spring-boot-starter/maven-metadata.xml
Progress (1): 411 B
                   
Uploaded to maven-releases: https://packages.aliyun.com/5fdc0afd99b59ba3c5ead757/maven/maven-releases/com/github/hiwepy/maven-client-spring-boot-starter/maven-metadata.xml (411 B at 422 B/s)
Uploading to maven-releases: https://packages.aliyun.com/5fdc0afd99b59ba3c5ead757/maven/maven-releases/com/github/hiwepy/maven-client-spring-boot-starter/2.7.x.20240823.RELEASE/maven-client-spring-boot-starter-2.7.x.20240823.RELEASE-sources.jar
Progress (1): 4.1/17 kB
Progress (1): 8.2/17 kB
Progress (1): 12/17 kB 
Progress (1): 16/17 kB
Progress (1): 17 kB   
                   
Uploaded to maven-releases: https://packages.aliyun.com/5fdc0afd99b59ba3c5ead757/maven/maven-releases/com/github/hiwepy/maven-client-spring-boot-starter/2.7.x.20240823.RELEASE/maven-client-spring-boot-starter-2.7.x.20240823.RELEASE-sources.jar (17 kB at 18 kB/s)
[[1;34mINFO[m] [1m------------------------------------------------------------------------[m
[[1;34mINFO[m] [1;32mBUILD SUCCESS[m
[[1;34mINFO[m] [1m------------------------------------------------------------------------[m
[[1;34mINFO[m] Total time:  21.236 s
[[1;34mINFO[m] Finished at: 2026-03-16T14:04:27+08:00
[[1;34mINFO[m] [1m------------------------------------------------------------------------[m
[maven-client-spring-boot-starter/2.7.x] 成功
[[1;34mINFO[m] Scanning for projects...
[[1;34mINFO[m] 
[[1;34mINFO[m] [1m---------< [0;36mio.github.hiwepy:maven-client-spring-boot-starter[0;1m >---------[m
[[1;34mINFO[m] [1mBuilding io.github.hiwepy:maven-client-spring-boot-starter 3.0.x.20251227-SNAPSHOT[m
[[1;34mINFO[m] [1m--------------------------------[ jar ]---------------------------------[m
Downloading from aiban-tianyin-core: https://aiban-maven.pkg.coding.net/repository/tianyin/core/org/springframework/cloud/spring-cloud-deployer-resource-maven/2.9.5/spring-cloud-deployer-resource-maven-2.9.5.pom
Progress (1): 3.1 kB
                    
Downloaded from aiban-tianyin-core: https://aiban-maven.pkg.coding.net/repository/tianyin/core/org/springframework/cloud/spring-cloud-deployer-resource-maven/2.9.5/spring-cloud-deployer-resource-maven-2.9.5.pom (3.1 kB at 3.8 kB/s)
Downloading from aiban-tianyin-core: https://aiban-maven.pkg.coding.net/repository/tianyin/core/org/springframework/cloud/spring-cloud-deployer-parent/2.9.5/spring-cloud-deployer-parent-2.9.5.pom
Progress (1): 4.0 kB
Progress (1): 8.1 kB
Progress (1): 10.0 kB
                     
Downloaded from aiban-tianyin-core: https://aiban-maven.pkg.coding.net/repository/tianyin/core/org/springframework/cloud/spring-cloud-deployer-parent/2.9.5/spring-cloud-deployer-parent-2.9.5.pom (10.0 kB at 15 kB/s)
Downloading from aiban-tianyin-core: https://aiban-maven.pkg.coding.net/repository/tianyin/core/org/springframework/cloud/spring-cloud-deployer-resource-maven/2.9.5/spring-cloud-deployer-resource-maven-2.9.5.jar
Progress (1): 2.6 kB
Progress (1): 6.7 kB
Progress (1): 11 kB 
Progress (1): 14 kB
Progress (1): 17 kB
Progress (1): 19 kB
Progress (1): 22 kB
Progress (1): 25 kB
Progress (1): 29 kB
Progress (1): 32 kB
                   
Downloaded from aiban-tianyin-core: https://aiban-maven.pkg.coding.net/repository/tianyin/core/org/springframework/cloud/spring-cloud-deployer-resource-maven/2.9.5/spring-cloud-deployer-resource-maven-2.9.5.jar (32 kB at 65 kB/s)
[[1;34mINFO[m] 
[[1;34mINFO[m] [1m--- [0;32mmaven-clean-plugin:3.4.0:clean[m [1m(default-clean)[m @ [36mmaven-client-spring-boot-starter[0;1m ---[m
[[1;34mINFO[m] Deleting /Users/wandl/workspaces/workspace-ddd4j/workspace-ddd4j-boot-starters/maven-client-spring-boot-starter/target
[[1;34mINFO[m] 
[[1;34mINFO[m] [1m--- [0;32mmaven-enforcer-plugin:3.5.0:enforce[m [1m(default-cli)[m @ [36mmaven-client-spring-boot-starter[0;1m ---[m
[[1;34mINFO[m] Rule 1: org.apache.maven.enforcer.rules.version.RequireJavaVersion passed
[[1;34mINFO[m] [1m------------------------------------------------------------------------[m
[[1;34mINFO[m] [1;31mBUILD FAILURE[m
[[1;34mINFO[m] [1m------------------------------------------------------------------------[m
[[1;34mINFO[m] Total time:  2.446 s
[[1;34mINFO[m] Finished at: 2026-03-16T14:04:30+08:00
[[1;34mINFO[m] [1m------------------------------------------------------------------------[m
[[1;31mERROR[m] Failed to execute goal [32morg.apache.maven.plugins:maven-enforcer-plugin:3.5.0:enforce[m [1m(default-cli)[m on project [36mmaven-client-spring-boot-starter[m: [1;31m[m
[[1;31mERROR[m] [1;31mRule 0: org.apache.maven.enforcer.rules.version.RequireMavenVersion failed with message:[m
[[1;31mERROR[m] [1;31mYou are running an older version of Maven. This application requires at least Maven 3.9.9.[m
[[1;31mERROR[m] -> [1m[Help 1][m
[[1;31mERROR[m] 
[[1;31mERROR[m] To see the full stack trace of the errors, re-run Maven with the [1m-e[m switch.
[[1;31mERROR[m] Re-run Maven using the [1m-X[m switch to enable full debug logging.
[[1;31mERROR[m] 
[[1;31mERROR[m] For more information about the errors and possible solutions, please read the following articles:
[[1;31mERROR[m] [1m[Help 1][m http://cwiki.apache.org/confluence/display/MAVEN/MojoExecutionException
[maven-client-spring-boot-starter/3.0.x] 失败 - 查看日志
[[1;34mINFO[m] Scanning for projects...
[[1;34mINFO[m] 
[[1;34mINFO[m] [1m---------< [0;36mio.github.hiwepy:maven-client-spring-boot-starter[0;1m >---------[m
[[1;34mINFO[m] [1mBuilding io.github.hiwepy:maven-client-spring-boot-starter 3.1.x.20251227-SNAPSHOT[m
[[1;34mINFO[m] [1m--------------------------------[ jar ]---------------------------------[m
[[1;34mINFO[m] 
[[1;34mINFO[m] [1m--- [0;32mmaven-clean-plugin:3.4.0:clean[m [1m(default-clean)[m @ [36mmaven-client-spring-boot-starter[0;1m ---[m
[[1;34mINFO[m] 
[[1;34mINFO[m] [1m--- [0;32mmaven-enforcer-plugin:3.5.0:enforce[m [1m(default-cli)[m @ [36mmaven-client-spring-boot-starter[0;1m ---[m
[[1;34mINFO[m] Rule 1: org.apache.maven.enforcer.rules.version.RequireJavaVersion passed
[[1;34mINFO[m] [1m------------------------------------------------------------------------[m
[[1;34mINFO[m] [1;31mBUILD FAILURE[m
[[1;34mINFO[m] [1m------------------------------------------------------------------------[m
[[1;34mINFO[m] Total time:  0.305 s
[[1;34mINFO[m] Finished at: 2026-03-16T14:04:31+08:00
[[1;34mINFO[m] [1m------------------------------------------------------------------------[m
[[1;31mERROR[m] Failed to execute goal [32morg.apache.maven.plugins:maven-enforcer-plugin:3.5.0:enforce[m [1m(default-cli)[m on project [36mmaven-client-spring-boot-starter[m: [1;31m[m
[[1;31mERROR[m] [1;31mRule 0: org.apache.maven.enforcer.rules.version.RequireMavenVersion failed with message:[m
[[1;31mERROR[m] [1;31mYou are running an older version of Maven. This application requires at least Maven 3.9.9.[m
[[1;31mERROR[m] -> [1m[Help 1][m
[[1;31mERROR[m] 
[[1;31mERROR[m] To see the full stack trace of the errors, re-run Maven with the [1m-e[m switch.
[[1;31mERROR[m] Re-run Maven using the [1m-X[m switch to enable full debug logging.
[[1;31mERROR[m] 
[[1;31mERROR[m] For more information about the errors and possible solutions, please read the following articles:
[[1;31mERROR[m] [1m[Help 1][m http://cwiki.apache.org/confluence/display/MAVEN/MojoExecutionException
[maven-client-spring-boot-starter/3.1.x] 失败 - 查看日志
[[1;34mINFO[m] Scanning for projects...
[[1;34mINFO[m] 
[[1;34mINFO[m] [1m---------< [0;36mio.github.hiwepy:maven-client-spring-boot-starter[0;1m >---------[m
[[1;34mINFO[m] [1mBuilding io.github.hiwepy:maven-client-spring-boot-starter 3.2.x.20251227-SNAPSHOT[m
[[1;34mINFO[m] [1m--------------------------------[ jar ]---------------------------------[m
[[1;34mINFO[m] 
[[1;34mINFO[m] [1m--- [0;32mmaven-clean-plugin:3.4.0:clean[m [1m(default-clean)[m @ [36mmaven-client-spring-boot-starter[0;1m ---[m
[[1;34mINFO[m] 
[[1;34mINFO[m] [1m--- [0;32mmaven-enforcer-plugin:3.5.0:enforce[m [1m(default-cli)[m @ [36mmaven-client-spring-boot-starter[0;1m ---[m
[[1;34mINFO[m] Rule 1: org.apache.maven.enforcer.rules.version.RequireJavaVersion passed
[[1;34mINFO[m] [1m------------------------------------------------------------------------[m
[[1;34mINFO[m] [1;31mBUILD FAILURE[m
[[1;34mINFO[m] [1m------------------------------------------------------------------------[m
[[1;34mINFO[m] Total time:  0.306 s
[[1;34mINFO[m] Finished at: 2026-03-16T14:04:32+08:00
[[1;34mINFO[m] [1m------------------------------------------------------------------------[m
[[1;31mERROR[m] Failed to execute goal [32morg.apache.maven.plugins:maven-enforcer-plugin:3.5.0:enforce[m [1m(default-cli)[m on project [36mmaven-client-spring-boot-starter[m: [1;31m[m
[[1;31mERROR[m] [1;31mRule 0: org.apache.maven.enforcer.rules.version.RequireMavenVersion failed with message:[m
[[1;31mERROR[m] [1;31mYou are running an older version of Maven. This application requires at least Maven 3.9.9.[m
[[1;31mERROR[m] -> [1m[Help 1][m
[[1;31mERROR[m] 
[[1;31mERROR[m] To see the full stack trace of the errors, re-run Maven with the [1m-e[m switch.
[[1;31mERROR[m] Re-run Maven using the [1m-X[m switch to enable full debug logging.
[[1;31mERROR[m] 
[[1;31mERROR[m] For more information about the errors and possible solutions, please read the following articles:
[[1;31mERROR[m] [1m[Help 1][m http://cwiki.apache.org/confluence/display/MAVEN/MojoExecutionException
[maven-client-spring-boot-starter/3.2.x] 失败 - 查看日志
[[1;34mINFO[m] Scanning for projects...
[[1;34mINFO[m] 
[[1;34mINFO[m] [1m---------< [0;36mio.github.hiwepy:maven-client-spring-boot-starter[0;1m >---------[m
[[1;34mINFO[m] [1mBuilding io.github.hiwepy:maven-client-spring-boot-starter 3.3.x.20251227-SNAPSHOT[m
[[1;34mINFO[m] [1m--------------------------------[ jar ]---------------------------------[m
[[1;34mINFO[m] 
[[1;34mINFO[m] [1m--- [0;32mmaven-clean-plugin:3.4.0:clean[m [1m(default-clean)[m @ [36mmaven-client-spring-boot-starter[0;1m ---[m
[[1;34mINFO[m] 
[[1;34mINFO[m] [1m--- [0;32mmaven-enforcer-plugin:3.5.0:enforce[m [1m(default-cli)[m @ [36mmaven-client-spring-boot-starter[0;1m ---[m
[[1;34mINFO[m] Rule 1: org.apache.maven.enforcer.rules.version.RequireJavaVersion passed
[[1;34mINFO[m] [1m------------------------------------------------------------------------[m
[[1;34mINFO[m] [1;31mBUILD FAILURE[m
[[1;34mINFO[m] [1m------------------------------------------------------------------------[m
[[1;34mINFO[m] Total time:  0.308 s
[[1;34mINFO[m] Finished at: 2026-03-16T14:04:32+08:00
[[1;34mINFO[m] [1m------------------------------------------------------------------------[m
[[1;31mERROR[m] Failed to execute goal [32morg.apache.maven.plugins:maven-enforcer-plugin:3.5.0:enforce[m [1m(default-cli)[m on project [36mmaven-client-spring-boot-starter[m: [1;31m[m
[[1;31mERROR[m] [1;31mRule 0: org.apache.maven.enforcer.rules.version.RequireMavenVersion failed with message:[m
[[1;31mERROR[m] [1;31mYou are running an older version of Maven. This application requires at least Maven 3.9.9.[m
[[1;31mERROR[m] -> [1m[Help 1][m
[[1;31mERROR[m] 
[[1;31mERROR[m] To see the full stack trace of the errors, re-run Maven with the [1m-e[m switch.
[[1;31mERROR[m] Re-run Maven using the [1m-X[m switch to enable full debug logging.
[[1;31mERROR[m] 
[[1;31mERROR[m] For more information about the errors and possible solutions, please read the following articles:
[[1;31mERROR[m] [1m[Help 1][m http://cwiki.apache.org/confluence/display/MAVEN/MojoExecutionException
[maven-client-spring-boot-starter/3.3.x] 失败 - 查看日志
[[1;34mINFO[m] Scanning for projects...
[[1;34mINFO[m] 
[[1;34mINFO[m] [1m---------< [0;36mio.github.hiwepy:maven-client-spring-boot-starter[0;1m >---------[m
[[1;34mINFO[m] [1mBuilding io.github.hiwepy:maven-client-spring-boot-starter 3.4.x.20251227-SNAPSHOT[m
[[1;34mINFO[m] [1m--------------------------------[ jar ]---------------------------------[m
[[1;34mINFO[m] 
[[1;34mINFO[m] [1m--- [0;32mmaven-clean-plugin:3.4.0:clean[m [1m(default-clean)[m @ [36mmaven-client-spring-boot-starter[0;1m ---[m
[[1;34mINFO[m] 
[[1;34mINFO[m] [1m--- [0;32mmaven-enforcer-plugin:3.5.0:enforce[m [1m(default-cli)[m @ [36mmaven-client-spring-boot-starter[0;1m ---[m
[[1;34mINFO[m] Rule 1: org.apache.maven.enforcer.rules.version.RequireJavaVersion passed
[[1;34mINFO[m] [1m------------------------------------------------------------------------[m
[[1;34mINFO[m] [1;31mBUILD FAILURE[m
[[1;34mINFO[m] [1m------------------------------------------------------------------------[m
[[1;34mINFO[m] Total time:  0.315 s
[[1;34mINFO[m] Finished at: 2026-03-16T14:04:33+08:00
[[1;34mINFO[m] [1m------------------------------------------------------------------------[m
[[1;31mERROR[m] Failed to execute goal [32morg.apache.maven.plugins:maven-enforcer-plugin:3.5.0:enforce[m [1m(default-cli)[m on project [36mmaven-client-spring-boot-starter[m: [1;31m[m
[[1;31mERROR[m] [1;31mRule 0: org.apache.maven.enforcer.rules.version.RequireMavenVersion failed with message:[m
[[1;31mERROR[m] [1;31mYou are running an older version of Maven. This application requires at least Maven 3.9.9.[m
[[1;31mERROR[m] -> [1m[Help 1][m
[[1;31mERROR[m] 
[[1;31mERROR[m] To see the full stack trace of the errors, re-run Maven with the [1m-e[m switch.
[[1;31mERROR[m] Re-run Maven using the [1m-X[m switch to enable full debug logging.
[[1;31mERROR[m] 
[[1;31mERROR[m] For more information about the errors and possible solutions, please read the following articles:
[[1;31mERROR[m] [1m[Help 1][m http://cwiki.apache.org/confluence/display/MAVEN/MojoExecutionException
[maven-client-spring-boot-starter/3.4.x] 失败 - 查看日志
[[1;34mINFO[m] Scanning for projects...
[[1;34mINFO[m] 
[[1;34mINFO[m] [1m---------< [0;36mio.github.hiwepy:maven-client-spring-boot-starter[0;1m >---------[m
[[1;34mINFO[m] [1mBuilding io.github.hiwepy:maven-client-spring-boot-starter 3.5.x.20251227-SNAPSHOT[m
[[1;34mINFO[m] [1m--------------------------------[ jar ]---------------------------------[m
[[1;34mINFO[m] 
[[1;34mINFO[m] [1m--- [0;32mmaven-clean-plugin:3.4.0:clean[m [1m(default-clean)[m @ [36mmaven-client-spring-boot-starter[0;1m ---[m
[[1;34mINFO[m] 
[[1;34mINFO[m] [1m--- [0;32mmaven-enforcer-plugin:3.5.0:enforce[m [1m(default-cli)[m @ [36mmaven-client-spring-boot-starter[0;1m ---[m
[[1;34mINFO[m] Rule 1: org.apache.maven.enforcer.rules.version.RequireJavaVersion passed
[[1;34mINFO[m] [1m------------------------------------------------------------------------[m
[[1;34mINFO[m] [1;31mBUILD FAILURE[m
[[1;34mINFO[m] [1m------------------------------------------------------------------------[m
[[1;34mINFO[m] Total time:  0.300 s
[[1;34mINFO[m] Finished at: 2026-03-16T14:04:34+08:00
[[1;34mINFO[m] [1m------------------------------------------------------------------------[m
[[1;31mERROR[m] Failed to execute goal [32morg.apache.maven.plugins:maven-enforcer-plugin:3.5.0:enforce[m [1m(default-cli)[m on project [36mmaven-client-spring-boot-starter[m: [1;31m[m
[[1;31mERROR[m] [1;31mRule 0: org.apache.maven.enforcer.rules.version.RequireMavenVersion failed with message:[m
[[1;31mERROR[m] [1;31mYou are running an older version of Maven. This application requires at least Maven 3.9.9.[m
[[1;31mERROR[m] -> [1m[Help 1][m
[[1;31mERROR[m] 
[[1;31mERROR[m] To see the full stack trace of the errors, re-run Maven with the [1m-e[m switch.
[[1;31mERROR[m] Re-run Maven using the [1m-X[m switch to enable full debug logging.
[[1;31mERROR[m] 
[[1;31mERROR[m] For more information about the errors and possible solutions, please read the following articles:
[[1;31mERROR[m] [1m[Help 1][m http://cwiki.apache.org/confluence/display/MAVEN/MojoExecutionException
[maven-client-spring-boot-starter/3.5.x] 失败 - 查看日志
[[1;34mINFO[m] Scanning for projects...
[[1;34mINFO[m] 
[[1;34mINFO[m] [1m---------< [0;36mio.github.hiwepy:maven-client-spring-boot-starter[0;1m >---------[m
[[1;34mINFO[m] [1mBuilding io.github.hiwepy:maven-client-spring-boot-starter 4.0.x.20251227-SNAPSHOT[m
[[1;34mINFO[m] [1m--------------------------------[ jar ]---------------------------------[m
[[1;34mINFO[m] 
[[1;34mINFO[m] [1m--- [0;32mmaven-clean-plugin:3.4.0:clean[m [1m(default-clean)[m @ [36mmaven-client-spring-boot-starter[0;1m ---[m
[[1;34mINFO[m] 
[[1;34mINFO[m] [1m--- [0;32mmaven-enforcer-plugin:3.5.0:enforce[m [1m(default-cli)[m @ [36mmaven-client-spring-boot-starter[0;1m ---[m
[[1;34mINFO[m] Rule 1: org.apache.maven.enforcer.rules.version.RequireJavaVersion passed
[[1;34mINFO[m] [1m------------------------------------------------------------------------[m
[[1;34mINFO[m] [1;31mBUILD FAILURE[m
[[1;34mINFO[m] [1m------------------------------------------------------------------------[m
[[1;34mINFO[m] Total time:  0.313 s
[[1;34mINFO[m] Finished at: 2026-03-16T14:04:34+08:00
[[1;34mINFO[m] [1m------------------------------------------------------------------------[m
[[1;31mERROR[m] Failed to execute goal [32morg.apache.maven.plugins:maven-enforcer-plugin:3.5.0:enforce[m [1m(default-cli)[m on project [36mmaven-client-spring-boot-starter[m: [1;31m[m
[[1;31mERROR[m] [1;31mRule 0: org.apache.maven.enforcer.rules.version.RequireMavenVersion failed with message:[m
[[1;31mERROR[m] [1;31mYou are running an older version of Maven. This application requires at least Maven 3.9.9.[m
[[1;31mERROR[m] -> [1m[Help 1][m
[[1;31mERROR[m] 
[[1;31mERROR[m] To see the full stack trace of the errors, re-run Maven with the [1m-e[m switch.
[[1;31mERROR[m] Re-run Maven using the [1m-X[m switch to enable full debug logging.
[[1;31mERROR[m] 
[[1;31mERROR[m] For more information about the errors and possible solutions, please read the following articles:
[[1;31mERROR[m] [1m[Help 1][m http://cwiki.apache.org/confluence/display/MAVEN/MojoExecutionException
[maven-client-spring-boot-starter/4.0.x] 失败 - 查看日志
[[1;34mINFO[m] Scanning for projects...
[[1;34mINFO[m] 
[[1;34mINFO[m] [1m---------< [0;36mio.github.hiwepy:maven-client-spring-boot-starter[0;1m >---------[m
[[1;34mINFO[m] [1mBuilding io.github.hiwepy:maven-client-spring-boot-starter 2.0.1-SNAPSHOT[m
[[1;34mINFO[m] [1m--------------------------------[ jar ]---------------------------------[m
[[1;34mINFO[m] 
[[1;34mINFO[m] [1m--- [0;32mmaven-clean-plugin:3.1.0:clean[m [1m(default-clean)[m @ [36mmaven-client-spring-boot-starter[0;1m ---[m
[[1;34mINFO[m] 
[[1;34mINFO[m] [1m--- [0;32mmaven-enforcer-plugin:3.0.0:enforce[m [1m(default-cli)[m @ [36mmaven-client-spring-boot-starter[0;1m ---[m
[[1;34mINFO[m] 
[[1;34mINFO[m] [1m--- [0;32mmaven-resources-plugin:3.1.0:resources[m [1m(default-resources)[m @ [36mmaven-client-spring-boot-starter[0;1m ---[m
[[1;34mINFO[m] Using 'UTF-8' encoding to copy filtered resources.
[[1;34mINFO[m] Copying 0 resource
[[1;34mINFO[m] Copying 2 resources
[[1;34mINFO[m] 
[[1;34mINFO[m] [1m--- [0;32mmaven-compiler-plugin:3.8.1:compile[m [1m(default-compile)[m @ [36mmaven-client-spring-boot-starter[0;1m ---[m
[[1;34mINFO[m] Changes detected - recompiling the module!
[[1;34mINFO[m] Compiling 5 source files to /Users/wandl/workspaces/workspace-ddd4j/workspace-ddd4j-boot-starters/maven-client-spring-boot-starter/target/classes
[[1;34mINFO[m] 
[[1;34mINFO[m] [1m--- [0;32mmaven-resources-plugin:3.1.0:testResources[m [1m(default-testResources)[m @ [36mmaven-client-spring-boot-starter[0;1m ---[m
[[1;34mINFO[m] Not copying test resources
[[1;34mINFO[m] 
[[1;34mINFO[m] [1m--- [0;32mmaven-compiler-plugin:3.8.1:testCompile[m [1m(default-testCompile)[m @ [36mmaven-client-spring-boot-starter[0;1m ---[m
[[1;34mINFO[m] Not compiling test sources
[[1;34mINFO[m] 
[[1;34mINFO[m] [1m--- [0;32mmaven-surefire-plugin:2.22.1:test[m [1m(default-test)[m @ [36mmaven-client-spring-boot-starter[0;1m ---[m
[[1;34mINFO[m] Tests are skipped.
[[1;34mINFO[m] 
[[1;34mINFO[m] [1m--- [0;32mmaven-jar-plugin:3.1.1:jar[m [1m(default-jar)[m @ [36mmaven-client-spring-boot-starter[0;1m ---[m
[[1;34mINFO[m] Building jar: /Users/wandl/workspaces/workspace-ddd4j/workspace-ddd4j-boot-starters/maven-client-spring-boot-starter/target/maven-client-spring-boot-starter-2.0.1-SNAPSHOT.jar
[[1;34mINFO[m] 
[[1;34mINFO[m] [1m--- [0;32mmaven-source-plugin:3.2.1:jar-no-fork[m [1m(attach-sources)[m @ [36mmaven-client-spring-boot-starter[0;1m ---[m
[[1;34mINFO[m] Building jar: /Users/wandl/workspaces/workspace-ddd4j/workspace-ddd4j-boot-starters/maven-client-spring-boot-starter/target/maven-client-spring-boot-starter-2.0.1-SNAPSHOT-sources.jar
[[1;34mINFO[m] 
[[1;34mINFO[m] [1m--- [0;32mmaven-install-plugin:2.5.2:install[m [1m(default-install)[m @ [36mmaven-client-spring-boot-starter[0;1m ---[m
[[1;34mINFO[m] Installing /Users/wandl/workspaces/workspace-ddd4j/workspace-ddd4j-boot-starters/maven-client-spring-boot-starter/target/maven-client-spring-boot-starter-2.0.1-SNAPSHOT.jar to /Users/wandl/.m2/repository/com/github/hiwepy/maven-client-spring-boot-starter/2.0.1-SNAPSHOT/maven-client-spring-boot-starter-2.0.1-SNAPSHOT.jar
[[1;34mINFO[m] Installing /Users/wandl/workspaces/workspace-ddd4j/workspace-ddd4j-boot-starters/maven-client-spring-boot-starter/pom.xml to /Users/wandl/.m2/repository/com/github/hiwepy/maven-client-spring-boot-starter/2.0.1-SNAPSHOT/maven-client-spring-boot-starter-2.0.1-SNAPSHOT.pom
[[1;34mINFO[m] Installing /Users/wandl/workspaces/workspace-ddd4j/workspace-ddd4j-boot-starters/maven-client-spring-boot-starter/target/maven-client-spring-boot-starter-2.0.1-SNAPSHOT-sources.jar to /Users/wandl/.m2/repository/com/github/hiwepy/maven-client-spring-boot-starter/2.0.1-SNAPSHOT/maven-client-spring-boot-starter-2.0.1-SNAPSHOT-sources.jar
[[1;34mINFO[m] 
[[1;34mINFO[m] [1m--- [0;32mmaven-deploy-plugin:2.8.2:deploy[m [1m(default-deploy)[m @ [36mmaven-client-spring-boot-starter[0;1m ---[m
[[1;34mINFO[m] Using alternate deployment repository maven-snapshots::default::https://packages.aliyun.com/5fdc0afd99b59ba3c5ead757/maven/maven-snapshots
Downloading from maven-snapshots: https://packages.aliyun.com/5fdc0afd99b59ba3c5ead757/maven/maven-snapshots/com/github/hiwepy/maven-client-spring-boot-starter/2.0.1-SNAPSHOT/maven-metadata.xml
Uploading to maven-snapshots: https://packages.aliyun.com/5fdc0afd99b59ba3c5ead757/maven/maven-snapshots/com/github/hiwepy/maven-client-spring-boot-starter/2.0.1-SNAPSHOT/maven-client-spring-boot-starter-2.0.1-20260316.060436-1.jar
Progress (1): 4.1/25 kB
Progress (1): 8.2/25 kB
Progress (1): 12/25 kB 
Progress (1): 16/25 kB
Progress (1): 20/25 kB
Progress (1): 25/25 kB
Progress (1): 25 kB   
                   
Uploaded to maven-snapshots: https://packages.aliyun.com/5fdc0afd99b59ba3c5ead757/maven/maven-snapshots/com/github/hiwepy/maven-client-spring-boot-starter/2.0.1-SNAPSHOT/maven-client-spring-boot-starter-2.0.1-20260316.060436-1.jar (25 kB at 21 kB/s)
Uploading to maven-snapshots: https://packages.aliyun.com/5fdc0afd99b59ba3c5ead757/maven/maven-snapshots/com/github/hiwepy/maven-client-spring-boot-starter/2.0.1-SNAPSHOT/maven-client-spring-boot-starter-2.0.1-20260316.060436-1.pom
Progress (1): 4.1/20 kB
Progress (1): 8.2/20 kB
Progress (1): 12/20 kB 
Progress (1): 16/20 kB
Progress (1): 20 kB   
                   
Uploaded to maven-snapshots: https://packages.aliyun.com/5fdc0afd99b59ba3c5ead757/maven/maven-snapshots/com/github/hiwepy/maven-client-spring-boot-starter/2.0.1-SNAPSHOT/maven-client-spring-boot-starter-2.0.1-20260316.060436-1.pom (20 kB at 17 kB/s)
Downloading from maven-snapshots: https://packages.aliyun.com/5fdc0afd99b59ba3c5ead757/maven/maven-snapshots/com/github/hiwepy/maven-client-spring-boot-starter/maven-metadata.xml
Uploading to maven-snapshots: https://packages.aliyun.com/5fdc0afd99b59ba3c5ead757/maven/maven-snapshots/com/github/hiwepy/maven-client-spring-boot-starter/2.0.1-SNAPSHOT/maven-metadata.xml
Progress (1): 799 B
                   
Uploaded to maven-snapshots: https://packages.aliyun.com/5fdc0afd99b59ba3c5ead757/maven/maven-snapshots/com/github/hiwepy/maven-client-spring-boot-starter/2.0.1-SNAPSHOT/maven-metadata.xml (799 B at 685 B/s)
Uploading to maven-snapshots: https://packages.aliyun.com/5fdc0afd99b59ba3c5ead757/maven/maven-snapshots/com/github/hiwepy/maven-client-spring-boot-starter/maven-metadata.xml
Progress (1): 309 B
                   
Uploaded to maven-snapshots: https://packages.aliyun.com/5fdc0afd99b59ba3c5ead757/maven/maven-snapshots/com/github/hiwepy/maven-client-spring-boot-starter/maven-metadata.xml (309 B at 325 B/s)
Uploading to maven-snapshots: https://packages.aliyun.com/5fdc0afd99b59ba3c5ead757/maven/maven-snapshots/com/github/hiwepy/maven-client-spring-boot-starter/2.0.1-SNAPSHOT/maven-client-spring-boot-starter-2.0.1-20260316.060436-1-sources.jar
Progress (1): 4.1/18 kB
Progress (1): 8.2/18 kB
Progress (1): 12/18 kB 
Progress (1): 16/18 kB
Progress (1): 18 kB   
                   
Uploaded to maven-snapshots: https://packages.aliyun.com/5fdc0afd99b59ba3c5ead757/maven/maven-snapshots/com/github/hiwepy/maven-client-spring-boot-starter/2.0.1-SNAPSHOT/maven-client-spring-boot-starter-2.0.1-20260316.060436-1-sources.jar (18 kB at 16 kB/s)
Uploading to maven-snapshots: https://packages.aliyun.com/5fdc0afd99b59ba3c5ead757/maven/maven-snapshots/com/github/hiwepy/maven-client-spring-boot-starter/2.0.1-SNAPSHOT/maven-metadata.xml
Progress (1): 1.0 kB
                    
Uploaded to maven-snapshots: https://packages.aliyun.com/5fdc0afd99b59ba3c5ead757/maven/maven-snapshots/com/github/hiwepy/maven-client-spring-boot-starter/2.0.1-SNAPSHOT/maven-metadata.xml (1.0 kB at 1.0 kB/s)
[[1;34mINFO[m] [1m------------------------------------------------------------------------[m
[[1;34mINFO[m] [1;32mBUILD SUCCESS[m
[[1;34mINFO[m] [1m------------------------------------------------------------------------[m
[[1;34mINFO[m] Total time:  8.259 s
[[1;34mINFO[m] Finished at: 2026-03-16T14:04:43+08:00
[[1;34mINFO[m] [1m------------------------------------------------------------------------[m
[maven-client-spring-boot-starter/master] 成功
